Time:1663791670	n=4	avg=148.25	stddev=58.28	bps=47440.00
Time:1663791670	n=2	avg=117.50	stddev=1.50	bps=18800.00
Time:1663791671	n=9	avg=61.78	stddev=22.75	bps=44480.00
Time:1663791671	n=5	avg=147.80	stddev=65.68	bps=59120.00
Time:1663791671	n=0	avg=0.00	stddev=0.00	bps=0.00
Time:1663791671	n=4	avg=60.50	stddev=32.04	bps=19360.00
Time:1663791671	n=5	avg=66.80	stddev=31.31	bps=26720.00
Time:1663791671	n=4	avg=86.75	stddev=31.24	bps=27760.00
Time:1663791671	n=6	avg=82.67	stddev=69.66	bps=39680.00
Time:1663791671	n=1	avg=116.00	stddev=0.00	bps=9280.00
Time:1663791671	n=9	avg=145.78	stddev=240.17	bps=104960.00
Time:1663791671	n=2	avg=173.00	stddev=57.00	bps=27680.00
Time:1663791672	n=4	avg=60.50	stddev=32.04	bps=19360.00
Time:1663791672	n=3	avg=186.33	stddev=154.77	bps=44720.00
Time:1663791672	n=3	avg=94.33	stddev=29.94	bps=22640.00
Time:1663791672	n=5	avg=71.60	stddev=36.25	bps=28640.00
Time:1663791672	n=1	avg=500.00	stddev=0.00	bps=40000.00
Time:1663791672	n=6	avg=143.17	stddev=78.02	bps=68720.00
Time:1663791672	n=5	avg=309.00	stddev=14.67	bps=123600.00
Time:1663791672	n=6	avg=270.17	stddev=81.63	bps=129680.00
Time:1663791672	n=6	avg=251.83	stddev=58.61	bps=120880.00
Time:1663791672	n=10	avg=192.60	stddev=122.45	bps=154080.00
Time:1663791673	n=6	avg=266.17	stddev=101.52	bps=127760.00
Time:1663791673	n=6	avg=213.50	stddev=91.98	bps=102480.00
Time:1663791673	n=5	avg=189.60	stddev=59.21	bps=75840.00
Time:1663791673	n=6	avg=269.17	stddev=81.23	bps=129200.00
Time:1663791673	n=9	avg=202.78	stddev=118.16	bps=146000.00
Time:1663791673	n=8	avg=269.75	stddev=102.60	bps=172640.00
Time:1663791673	n=8	avg=184.00	stddev=130.06	bps=117760.00
Time:1663791673	n=6	avg=264.00	stddev=73.46	bps=126720.00
Time:1663791673	n=15	avg=173.27	stddev=195.89	bps=207920.00
Time:1663791673	n=9	avg=185.33	stddev=114.40	bps=133440.00
Time:1663791674	n=5	avg=196.60	stddev=47.17	bps=78640.00
Time:1663791674	n=9	avg=136.89	stddev=41.03	bps=98560.00
Time:1663791674	n=6	avg=136.00	stddev=12.26	bps=65280.00
Time:1663791674	n=6	avg=98.17	stddev=39.83	bps=47120.00
Time:1663791674	n=6	avg=123.17	stddev=5.87	bps=59120.00
Time:1663791674	n=6	avg=128.67	stddev=38.25	bps=61760.00
Time:1663791674	n=4	avg=173.25	stddev=134.42	bps=55440.00
Time:1663791674	n=5	avg=119.20	stddev=85.83	bps=47680.00
Time:1663791674	n=1	avg=116.00	stddev=0.00	bps=9280.00
Time:1663791674	n=0	avg=0.00	stddev=0.00	bps=0.00
Time:1663791675	n=7	avg=145.43	stddev=29.40	bps=81440.00
Time:1663791675	n=5	avg=302.80	stddev=20.41	bps=121120.00
Time:1663791675	n=5	avg=268.20	stddev=15.38	bps=107280.00
Time:1663791675	n=5	avg=302.40	stddev=7.89	bps=120960.00
Time:1663791675	n=7	avg=195.29	stddev=57.08	bps=109360.00
Time:1663791675	n=8	avg=185.88	stddev=89.55	bps=118960.00
Time:1663791675	n=6	avg=223.17	stddev=93.67	bps=107120.00
Time:1663791675	n=6	avg=310.17	stddev=17.99	bps=148880.00
Time:1663791675	n=6	avg=232.33	stddev=74.25	bps=111520.00
Time:1663791675	n=6	avg=160.67	stddev=69.21	bps=77120.00
Time:1663791676	n=11	avg=125.36	stddev=66.36	bps=110320.00
Time:1663791676	n=6	avg=214.17	stddev=51.60	bps=102800.00
Time:1663791676	n=6	avg=282.00	stddev=67.90	bps=135360.00
Time:1663791676	n=8	avg=209.75	stddev=108.63	bps=134240.00
Time:1663791676	n=6	avg=213.50	stddev=46.00	bps=102480.00
Time:1663791676	n=9	avg=114.11	stddev=55.53	bps=82160.00
Time:1663791676	n=10	avg=205.30	stddev=91.95	bps=164240.00
Time:1663791676	n=8	avg=208.25	stddev=64.01	bps=133280.00
Time:1663791676	n=6	avg=137.17	stddev=38.68	bps=65840.00
Time:1663791676	n=8	avg=162.62	stddev=102.76	bps=104080.00
Time:1663791677	n=6	avg=210.33	stddev=64.90	bps=100960.00
Time:1663791677	n=6	avg=137.67	stddev=23.05	bps=66080.00
Time:1663791677	n=4	avg=186.25	stddev=43.49	bps=59600.00
Time:1663791677	n=7	avg=220.71	stddev=74.01	bps=123600.00
Time:1663791677	n=5	avg=158.40	stddev=14.73	bps=63360.00
Time:1663791677	n=12	avg=97.58	stddev=42.30	bps=93680.00
Time:1663791677	n=6	avg=151.17	stddev=16.75	bps=72560.00
Time:1663791677	n=7	avg=103.57	stddev=53.45	bps=58000.00
Time:1663791677	n=11	avg=214.09	stddev=117.53	bps=188400.00
Time:1663791677	n=5	avg=176.40	stddev=102.37	bps=70560.00
Time:1663791678	n=5	avg=104.20	stddev=31.16	bps=41680.00
Time:1663791678	n=0	avg=0.00	stddev=0.00	bps=0.00
Time:1663791678	n=6	avg=103.50	stddev=46.04	bps=49680.00
Time:1663791678	n=9	avg=127.56	stddev=14.11	bps=91840.00
Time:1663791678	n=6	avg=122.17	stddev=3.85	bps=58640.00
Time:1663791678	n=3	avg=108.67	stddev=14.06	bps=26080.00
Time:1663791678	n=12	avg=105.00	stddev=52.05	bps=100800.00
Time:1663791678	n=6	avg=205.67	stddev=57.45	bps=98720.00
Time:1663791678	n=5	avg=258.80	stddev=47.65	bps=103520.00
Time:1663791678	n=9	avg=213.33	stddev=116.80	bps=153600.00
Time:1663791679	n=7	avg=203.14	stddev=75.14	bps=113760.00
Time:1663791679	n=15	avg=152.60	stddev=188.18	bps=183120.00
Time:1663791679	n=5	avg=275.00	stddev=16.31	bps=110000.00
Time:1663791679	n=6	avg=219.33	stddev=51.06	bps=105280.00
Time:1663791679	n=5	avg=207.20	stddev=53.54	bps=82880.00
Time:1663791679	n=8	avg=142.12	stddev=75.52	bps=90960.00
Time:1663791679	n=7	avg=124.71	stddev=36.27	bps=69840.00
Time:1663791679	n=8	avg=144.38	stddev=48.30	bps=92400.00
Time:1663791679	n=8	avg=114.38	stddev=56.40	bps=73200.00
Time:1663791679	n=11	avg=117.18	stddev=58.88	bps=103120.00
Time:1663791680	n=7	avg=159.00	stddev=83.09	bps=89040.00
Time:1663791680	n=11	avg=163.91	stddev=212.85	bps=144240.00
Time:1663791680	n=17	avg=137.59	stddev=177.09	bps=187120.00
Time:1663791680	n=4	avg=126.75	stddev=1.79	bps=40560.00
Time:1663791680	n=8	avg=138.25	stddev=38.83	bps=88480.00
Time:1663791680	n=7	avg=120.00	stddev=37.11	bps=67200.00
Time:1663791680	n=8	avg=121.50	stddev=50.97	bps=77760.00
Time:1663791680	n=4	avg=114.00	stddev=8.28	bps=36480.00
Time:1663791680	n=3	avg=132.00	stddev=80.81	bps=31680.00
Time:1663791680	n=6	avg=224.17	stddev=86.89	bps=107600.00
Time:1663791681	n=4	avg=298.25	stddev=14.50	bps=95440.00
Time:1663791681	n=5	avg=269.40	stddev=9.75	bps=107760.00
Time:1663791681	n=8	avg=135.88	stddev=84.03	bps=86960.00
Time:1663791681	n=7	avg=108.29	stddev=23.99	bps=60640.00
Time:1663791681	n=2	avg=116.00	stddev=0.00	bps=18560.00
Time:1663791681	n=3	avg=118.00	stddev=76.69	bps=28320.00
Time:1663791681	n=4	avg=73.00	stddev=32.14	bps=23360.00
Time:1663791681	n=3	avg=120.00	stddev=2.83	bps=28800.00
Time:1663791681	n=6	avg=101.50	stddev=83.43	bps=48720.00
Time:1663791681	n=3	avg=145.67	stddev=99.00	bps=34960.00
Time:1663791682	n=5	avg=102.00	stddev=26.21	bps=40800.00
Time:1663791682	n=2	avg=103.50	stddev=61.50	bps=16560.00
Time:1663791682	n=4	avg=126.75	stddev=67.12	bps=40560.00
Time:1663791682	n=4	avg=122.00	stddev=15.12	bps=39040.00
Time:1663791682	n=20	avg=116.10	stddev=75.62	bps=185760.00
Time:1663791682	n=7	avg=154.57	stddev=6.97	bps=86560.00
Time:1663791682	n=8	avg=116.50	stddev=33.69	bps=74560.00
Time:1663791682	n=4	avg=125.25	stddev=2.95	bps=40080.00
Time:1663791682	n=5	avg=86.20	stddev=33.22	bps=34480.00
Time:1663791682	n=6	avg=73.83	stddev=32.81	bps=35440.00
Time:1663791683	n=1	avg=116.00	stddev=0.00	bps=9280.00
Time:1663791683	n=4	avg=158.25	stddev=87.78	bps=50640.00
Time:1663791683	n=1	avg=116.00	stddev=0.00	bps=9280.00
Time:1663791683	n=0	avg=0.00	stddev=0.00	bps=0.00
Time:1663791683	n=9	avg=96.22	stddev=57.76	bps=69280.00
Time:1663791683	n=9	avg=68.22	stddev=53.26	bps=49120.00
Time:1663791683	n=8	avg=107.50	stddev=118.11	bps=68800.00
Time:1663791683	n=8	avg=88.62	stddev=32.30	bps=56720.00
Time:1663791683	n=13	avg=179.31	stddev=232.14	bps=186480.00
Time:1663791683	n=6	avg=67.50	stddev=32.75	bps=32400.00
Time:1663791684	n=11	avg=150.00	stddev=217.11	bps=132000.00
Time:1663791684	n=5	avg=103.60	stddev=90.84	bps=41440.00
Time:1663791684	n=14	avg=90.50	stddev=65.12	bps=101360.00
Time:1663791684	n=8	avg=290.12	stddev=114.39	bps=185680.00
Time:1663791684	n=9	avg=169.22	stddev=89.48	bps=121840.00
Time:1663791684	n=7	avg=217.00	stddev=71.03	bps=121520.00
Time:1663791684	n=14	avg=136.29	stddev=105.91	bps=152640.00
Time:1663791684	n=9	avg=173.00	stddev=81.41	bps=124560.00
Time:1663791684	n=8	avg=152.88	stddev=21.68	bps=97840.00
Time:1663791684	n=11	avg=107.45	stddev=51.96	bps=94560.00
Time:1663791685	n=11	avg=169.27	stddev=115.46	bps=148960.00
Time:1663791685	n=6	avg=250.33	stddev=62.39	bps=120160.00
Time:1663791685	n=15	avg=167.40	stddev=197.27	bps=200880.00
Time:1663791685	n=9	avg=213.00	stddev=139.35	bps=153360.00
Time:1663791685	n=7	avg=142.57	stddev=10.35	bps=79840.00
Time:1663791685	n=10	avg=102.60	stddev=59.55	bps=82080.00
Time:1663791685	n=8	avg=119.00	stddev=40.16	bps=76160.00
Time:1663791685	n=4	avg=113.00	stddev=12.37	bps=36160.00
Time:1663791685	n=5	avg=99.40	stddev=28.92	bps=39760.00
Time:1663791685	n=7	avg=85.43	stddev=31.50	bps=47840.00
Time:1663791686	n=2	avg=96.50	stddev=54.50	bps=15440.00
Time:1663791686	n=10	avg=179.40	stddev=82.21	bps=143520.00
Time:1663791686	n=14	avg=134.86	stddev=104.86	bps=151040.00
Time:1663791686	n=9	avg=228.89	stddev=93.75	bps=164800.00
Time:1663791686	n=16	avg=170.44	stddev=186.91	bps=218160.00
Time:1663791686	n=8	avg=234.88	stddev=74.14	bps=150320.00
Time:1663791686	n=5	avg=211.60	stddev=59.54	bps=84640.00
Time:1663791686	n=12	avg=157.17	stddev=107.78	bps=150880.00
Time:1663791686	n=8	avg=201.62	stddev=102.46	bps=129040.00
Time:1663791686	n=9	avg=227.67	stddev=39.89	bps=163920.00
Time:1663791687	n=7	avg=160.00	stddev=53.32	bps=89600.00
Time:1663791687	n=19	avg=87.79	stddev=48.60	bps=133440.00
Time:1663791687	n=11	avg=204.45	stddev=119.22	bps=179920.00
Time:1663791687	n=8	avg=165.75	stddev=42.33	bps=106080.00
Time:1663791687	n=10	avg=108.70	stddev=56.60	bps=86960.00
Time:1663791687	n=6	avg=93.67	stddev=86.75	bps=44960.00
Time:1663791687	n=10	avg=160.10	stddev=224.97	bps=128080.00
Time:1663791687	n=4	avg=133.75	stddev=61.09	bps=42800.00
Time:1663791687	n=5	avg=209.00	stddev=180.71	bps=83600.00
Time:1663791687	n=11	avg=115.27	stddev=67.84	bps=101440.00
Time:1663791688	n=7	avg=128.43	stddev=35.58	bps=71920.00
Time:1663791688	n=8	avg=134.50	stddev=43.36	bps=86080.00
Time:1663791688	n=8	avg=188.88	stddev=147.40	bps=120880.00
Time:1663791688	n=10	avg=108.50	stddev=55.77	bps=86800.00
Time:1663791688	n=7	avg=187.57	stddev=46.80	bps=105040.00
Time:1663791688	n=7	avg=151.71	stddev=54.24	bps=84960.00
Time:1663791688	n=10	avg=114.80	stddev=37.52	bps=91840.00
Time:1663791688	n=7	avg=115.71	stddev=34.92	bps=64800.00
Time:1663791688	n=5	avg=190.40	stddev=185.99	bps=76160.00
Time:1663791688	n=4	avg=104.75	stddev=42.58	bps=33520.00
Time:1663791689	n=9	avg=141.44	stddev=55.82	bps=101840.00
Time:1663791689	n=6	avg=140.83	stddev=8.84	bps=67600.00
Time:1663791689	n=6	avg=117.50	stddev=41.38	bps=56400.00
Time:1663791689	n=6	avg=103.83	stddev=28.16	bps=49840.00
Time:1663791689	n=2	avg=196.50	stddev=80.50	bps=31440.00
Time:1663791689	n=6	avg=136.00	stddev=63.95	bps=65280.00
Time:1663791689	n=4	avg=122.00	stddev=73.63	bps=39040.00
Time:1663791689	n=7	avg=131.14	stddev=48.02	bps=73440.00
Time:1663791689	n=9	avg=227.78	stddev=99.07	bps=164000.00
Time:1663791689	n=12	avg=104.08	stddev=55.68	bps=99920.00
Time:1663791690	n=5	avg=138.80	stddev=7.33	bps=55520.00
Time:1663791690	n=12	avg=164.75	stddev=207.31	bps=158160.00
Time:1663791690	n=2	avg=338.50	stddev=222.50	bps=54160.00
Time:1663791690	n=0	avg=0.00	stddev=0.00	bps=0.00
Time:1663791690	n=12	avg=127.17	stddev=59.66	bps=122080.00
Time:1663791690	n=7	avg=101.57	stddev=32.53	bps=56880.00
Time:1663791690	n=12	avg=100.92	stddev=95.04	bps=96880.00
Time:1663791690	n=20	avg=138.65	stddev=228.82	bps=221840.00
Time:1663791690	n=5	avg=173.40	stddev=121.35	bps=69360.00
Time:1663791690	n=2	avg=337.50	stddev=221.50	bps=54000.00
Time:1663791691	n=6	avg=85.00	stddev=41.86	bps=40800.00
Time:1663791691	n=8	avg=110.25	stddev=58.97	bps=70560.00
Time:1663791691	n=5	avg=140.00	stddev=45.01	bps=56000.00
Time:1663791691	n=2	avg=197.00	stddev=81.00	bps=31520.00
Time:1663791691	n=4	avg=114.00	stddev=44.54	bps=36480.00
Time:1663791691	n=7	avg=134.14	stddev=15.66	bps=75120.00
Time:1663791691	n=6	avg=142.67	stddev=44.46	bps=68480.00
Time:1663791691	n=2	avg=159.00	stddev=43.00	bps=25440.00
Time:1663791691	n=8	avg=129.62	stddev=29.31	bps=82960.00
Time:1663791691	n=8	avg=93.50	stddev=39.96	bps=59840.00
Time:1663791692	n=4	avg=130.50	stddev=48.35	bps=41760.00
Time:1663791692	n=2	avg=142.00	stddev=26.00	bps=22720.00
Time:1663791692	n=6	avg=112.17	stddev=85.83	bps=53840.00
Time:1663791692	n=18	avg=71.22	stddev=58.40	bps=102560.00
Time:1663791692	n=5	avg=193.20	stddev=119.31	bps=77280.00
Time:1663791692	n=12	avg=134.17	stddev=71.71	bps=128800.00
Time:1663791692	n=7	avg=95.57	stddev=46.69	bps=53520.00
Time:1663791692	n=11	avg=107.18	stddev=60.10	bps=94320.00
Time:1663791692	n=4	avg=105.75	stddev=41.57	bps=33840.00
Time:1663791692	n=3	avg=127.67	stddev=28.57	bps=30640.00
Time:1663791693	n=9	avg=79.00	stddev=42.31	bps=56880.00
Time:1663791693	n=5	avg=140.60	stddev=79.16	bps=56240.00
Time:1663791693	n=4	avg=228.00	stddev=53.39	bps=72960.00
Time:1663791693	n=6	avg=176.67	stddev=67.01	bps=84800.00
Time:1663791693	n=4	avg=189.50	stddev=128.49	bps=60640.00
Time:1663791693	n=8	avg=100.75	stddev=85.99	bps=64480.00
Time:1663791693	n=8	avg=120.12	stddev=5.97	bps=76880.00
Time:1663791693	n=10	avg=149.00	stddev=54.06	bps=119200.00
Time:1663791693	n=10	avg=123.60	stddev=83.91	bps=98880.00
Time:1663791693	n=18	avg=57.11	stddev=47.48	bps=82240.00
Time:1663791694	n=7	avg=129.43	stddev=106.90	bps=72480.00
Time:1663791694	n=11	avg=130.55	stddev=164.14	bps=114880.00
Time:1663791694	n=3	avg=296.00	stddev=156.25	bps=71040.00
Time:1663791694	n=8	avg=154.25	stddev=83.84	bps=98720.00
Time:1663791694	n=6	avg=107.33	stddev=82.18	bps=51520.00
Time:1663791694	n=2	avg=108.00	stddev=8.00	bps=17280.00
Time:1663791694	n=1	avg=116.00	stddev=0.00	bps=9280.00
Time:1663791694	n=4	avg=78.25	stddev=36.27	bps=25040.00
Time:1663791694	n=4	avg=107.00	stddev=48.92	bps=34240.00
Time:1663791694	n=2	avg=131.00	stddev=15.00	bps=20960.00
Time:1663791695	n=9	avg=164.67	stddev=92.98	bps=118560.00
Time:1663791695	n=5	avg=221.00	stddev=169.09	bps=88400.00
Time:1663791695	n=6	avg=126.33	stddev=37.96	bps=60640.00
Time:1663791695	n=8	avg=105.25	stddev=38.68	bps=67360.00
Time:1663791695	n=3	avg=313.00	stddev=139.30	bps=75120.00
Time:1663791695	n=4	avg=145.50	stddev=85.74	bps=46560.00
Time:1663791695	n=1	avg=116.00	stddev=0.00	bps=9280.00
Time:1663791695	n=4	avg=60.50	stddev=32.04	bps=19360.00
Time:1663791695	n=8	avg=115.75	stddev=69.97	bps=74080.00
Time:1663791695	n=6	avg=111.67	stddev=78.87	bps=53600.00
Time:1663791696	n=6	avg=174.33	stddev=182.32	bps=83680.00
Time:1663791696	n=4	avg=96.75	stddev=55.49	bps=30960.00
Time:1663791696	n=7	avg=199.43	stddev=86.63	bps=111680.00
Time:1663791696	n=11	avg=203.18	stddev=103.39	bps=178800.00
Time:1663791696	n=7	avg=264.00	stddev=63.56	bps=147840.00
Time:1663791696	n=7	avg=254.29	stddev=22.22	bps=142400.00
Time:1663791696	n=6	avg=266.50	stddev=45.72	bps=127920.00
Time:1663791696	n=19	avg=141.58	stddev=117.91	bps=215200.00
Time:1663791696	n=10	avg=206.40	stddev=95.26	bps=165120.00
Time:1663791696	n=9	avg=277.56	stddev=102.44	bps=199840.00
Time:1663791697	n=10	avg=236.80	stddev=75.00	bps=189440.00
Time:1663791697	n=7	avg=214.14	stddev=112.36	bps=119920.00
Time:1663791697	n=16	avg=181.62	stddev=144.52	bps=232480.00
Time:1663791697	n=7	avg=314.57	stddev=100.64	bps=176160.00
Time:1663791697	n=8	avg=228.88	stddev=80.20	bps=146480.00
Time:1663791697	n=9	avg=251.67	stddev=119.67	bps=181200.00
Time:1663791697	n=14	avg=128.50	stddev=85.97	bps=143920.00
Time:1663791697	n=4	avg=292.00	stddev=7.38	bps=93440.00
Time:1663791697	n=15	avg=184.53	stddev=191.60	bps=221440.00
Time:1663791697	n=7	avg=213.86	stddev=149.30	bps=119760.00
Time:1663791698	n=13	avg=86.08	stddev=42.64	bps=89520.00
Time:1663791698	n=4	avg=124.25	stddev=5.54	bps=39760.00
Time:1663791698	n=4	avg=271.25	stddev=97.43	bps=86800.00
Time:1663791698	n=4	avg=106.50	stddev=41.29	bps=34080.00
Time:1663791698	n=4	avg=194.50	stddev=120.57	bps=62240.00
Time:1663791698	n=4	avg=121.25	stddev=53.09	bps=38800.00
Time:1663791698	n=14	avg=158.29	stddev=119.26	bps=177280.00
Time:1663791698	n=10	avg=139.50	stddev=62.41	bps=111600.00
Time:1663791698	n=10	avg=189.10	stddev=138.78	bps=151280.00
Time:1663791698	n=8	avg=222.50	stddev=94.19	bps=142400.00
Time:1663791699	n=17	avg=166.94	stddev=188.58	bps=227040.00
Time:1663791699	n=9	avg=160.00	stddev=91.38	bps=115200.00
Time:1663791699	n=6	avg=179.33	stddev=54.23	bps=86080.00
Time:1663791699	n=7	avg=191.29	stddev=41.18	bps=107120.00
Time:1663791699	n=6	avg=196.00	stddev=96.68	bps=94080.00
Time:1663791699	n=5	avg=127.00	stddev=42.51	bps=50800.00
Time:1663791699	n=8	avg=150.50	stddev=50.33	bps=96320.00
Time:1663791699	n=5	avg=169.20	stddev=37.02	bps=67680.00
Time:1663791699	n=10	avg=246.00	stddev=184.56	bps=196800.00
Time:1663791699	n=8	avg=203.12	stddev=141.64	bps=130000.00
Time:1663791700	n=15	avg=92.07	stddev=37.05	bps=110480.00
Time:1663791700	n=2	avg=170.50	stddev=81.50	bps=27280.00
Time:1663791700	n=18	avg=135.89	stddev=183.54	bps=195680.00
Time:1663791700	n=7	avg=168.14	stddev=87.98	bps=94160.00
Time:1663791700	n=8	avg=131.38	stddev=43.20	bps=84080.00
Time:1663791700	n=12	avg=115.17	stddev=71.49	bps=110560.00
Time:1663791700	n=3	avg=72.67	stddev=36.53	bps=17440.00
Time:1663791700	n=6	avg=208.83	stddev=92.38	bps=100240.00
Time:1663791700	n=5	avg=113.20	stddev=43.80	bps=45280.00
Time:1663791700	n=12	avg=92.33	stddev=63.75	bps=88640.00
Time:1663791701	n=4	avg=187.00	stddev=41.66	bps=59840.00
Time:1663791701	n=16	avg=157.69	stddev=181.08	bps=201840.00
Time:1663791701	n=8	avg=239.50	stddev=71.11	bps=153280.00
Time:1663791701	n=17	avg=79.06	stddev=50.36	bps=107520.00
Time:1663791701	n=16	avg=152.31	stddev=187.75	bps=194960.00
Time:1663791701	n=11	avg=72.09	stddev=52.45	bps=63440.00
Time:1663791701	n=4	avg=151.50	stddev=46.63	bps=48480.00
Time:1663791701	n=3	avg=148.33	stddev=65.75	bps=35600.00
Time:1663791701	n=3	avg=130.67	stddev=54.08	bps=31360.00
Time:1663791701	n=15	avg=119.13	stddev=102.57	bps=142960.00
Time:1663791702	n=3	avg=183.00	stddev=48.64	bps=43920.00
Time:1663791702	n=7	avg=103.29	stddev=122.60	bps=57840.00
Time:1663791702	n=7	avg=102.14	stddev=62.67	bps=57200.00
Time:1663791702	n=4	avg=120.00	stddev=56.99	bps=38400.00
Time:1663791702	n=7	avg=117.00	stddev=56.58	bps=65520.00
Time:1663791702	n=7	avg=261.57	stddev=144.18	bps=146480.00
Time:1663791702	n=8	avg=209.75	stddev=125.14	bps=134240.00
Time:1663791702	n=8	avg=113.25	stddev=30.27	bps=72480.00
Time:1663791702	n=6	avg=108.67	stddev=30.65	bps=52160.00
Time:1663791702	n=8	avg=72.00	stddev=29.01	bps=46080.00
Time:1663791703	n=4	avg=60.50	stddev=32.04	bps=19360.00
Time:1663791703	n=0	avg=0.00	stddev=0.00	bps=0.00
Time:1663791703	n=15	avg=97.47	stddev=62.70	bps=116960.00
Time:1663791703	n=13	avg=98.00	stddev=37.86	bps=101920.00
Time:1663791703	n=3	avg=89.67	stddev=33.77	bps=21520.00
Time:1663791703	n=8	avg=210.75	stddev=202.62	bps=134880.00
Time:1663791703	n=6	avg=126.17	stddev=72.43	bps=60560.00
Time:1663791703	n=6	avg=137.50	stddev=144.50	bps=66000.00
Time:1663791703	n=9	avg=67.11	stddev=25.15	bps=48320.00
Time:1663791703	n=4	avg=92.75	stddev=31.28	bps=29680.00
Time:1663791704	n=10	avg=140.30	stddev=151.00	bps=112240.00
Time:1663791704	n=5	avg=108.40	stddev=62.10	bps=43360.00
Time:1663791704	n=12	avg=75.50	stddev=52.24	bps=72480.00
Time:1663791704	n=6	avg=126.50	stddev=46.41	bps=60720.00
Time:1663791704	n=10	avg=184.60	stddev=142.23	bps=147680.00
Time:1663791704	n=10	avg=128.60	stddev=70.67	bps=102880.00
Time:1663791704	n=11	avg=134.55	stddev=49.61	bps=118400.00
Time:1663791704	n=8	avg=142.12	stddev=76.79	bps=90960.00
Time:1663791704	n=3	avg=244.00	stddev=123.55	bps=58560.00
Time:1663791704	n=4	avg=113.75	stddev=3.96	bps=36400.00
Time:1663791705	n=6	avg=141.67	stddev=69.56	bps=68000.00
Time:1663791705	n=8	avg=151.25	stddev=61.13	bps=96800.00
Time:1663791705	n=9	avg=123.22	stddev=38.90	bps=88720.00
Time:1663791705	n=8	avg=150.50	stddev=100.56	bps=96320.00
Time:1663791705	n=6	avg=176.17	stddev=92.31	bps=84560.00
Time:1663791705	n=7	avg=134.00	stddev=27.13	bps=75040.00
Time:1663791705	n=8	avg=118.38	stddev=31.28	bps=75760.00
Time:1663791705	n=7	avg=140.71	stddev=57.11	bps=78800.00
Time:1663791705	n=4	avg=176.50	stddev=84.42	bps=56480.00
Time:1663791705	n=2	avg=177.00	stddev=61.00	bps=28320.00
Time:1663791706	n=4	avg=122.25	stddev=23.26	bps=39120.00
Time:1663791706	n=23	avg=45.22	stddev=15.09	bps=83200.00
Time:1663791706	n=4	avg=105.50	stddev=33.80	bps=33760.00
Time:1663791706	n=3	avg=214.67	stddev=137.42	bps=51520.00
Time:1663791706	n=7	avg=134.43	stddev=102.98	bps=75280.00
Time:1663791706	n=10	avg=126.10	stddev=76.19	bps=100880.00
Time:1663791706	n=3	avg=162.00	stddev=82.61	bps=38880.00
Time:1663791706	n=5	avg=119.40	stddev=44.31	bps=47760.00
Time:1663791706	n=4	avg=101.75	stddev=35.95	bps=32560.00
Time:1663791706	n=10	avg=106.30	stddev=71.61	bps=85040.00
Time:1663791707	n=8	avg=154.00	stddev=43.86	bps=98560.00
Time:1663791707	n=8	avg=146.12	stddev=32.54	bps=93520.00
Time:1663791707	n=3	avg=189.00	stddev=96.94	bps=45360.00
Time:1663791707	n=10	avg=113.30	stddev=110.66	bps=90640.00
Time:1663791707	n=4	avg=294.75	stddev=109.70	bps=94320.00
Time:1663791707	n=5	avg=165.20	stddev=126.60	bps=66080.00
Time:1663791707	n=5	avg=149.60	stddev=16.93	bps=59840.00
Time:1663791707	n=8	avg=93.00	stddev=39.81	bps=59520.00
Time:1663791707	n=0	avg=0.00	stddev=0.00	bps=0.00
Time:1663791707	n=4	avg=86.75	stddev=31.24	bps=27760.00
Time:1663791708	n=9	avg=107.67	stddev=51.05	bps=77520.00
Time:1663791708	n=7	avg=125.71	stddev=32.74	bps=70400.00
Time:1663791708	n=5	avg=213.60	stddev=174.81	bps=85440.00
Time:1663791708	n=4	avg=148.75	stddev=59.15	bps=47600.00
Time:1663791708	n=6	avg=171.00	stddev=106.14	bps=82080.00
Time:1663791708	n=6	avg=84.00	stddev=35.45	bps=40320.00
Time:1663791708	n=7	avg=120.29	stddev=80.28	bps=67360.00
Time:1663791708	n=2	avg=108.00	stddev=8.00	bps=17280.00
Time:1663791708	n=6	avg=145.17	stddev=104.41	bps=69680.00
Time:1663791708	n=6	avg=113.50	stddev=59.24	bps=54480.00
Time:1663791709	n=4	avg=142.25	stddev=43.74	bps=45520.00
Time:1663791709	n=3	avg=187.00	stddev=52.20	bps=44880.00
Time:1663791709	n=7	avg=105.43	stddev=57.63	bps=59040.00
Time:1663791709	n=9	avg=153.56	stddev=55.67	bps=110560.00
Time:1663791709	n=10	avg=117.00	stddev=53.11	bps=93600.00
Time:1663791709	n=10	avg=105.70	stddev=50.78	bps=84560.00
Time:1663791709	n=7	avg=138.57	stddev=179.31	bps=77600.00
Time:1663791709	n=9	avg=144.00	stddev=106.50	bps=103680.00
Time:1663791709	n=7	avg=151.43	stddev=66.80	bps=84800.00
Time:1663791709	n=10	avg=135.80	stddev=54.36	bps=108640.00
Time:1663791710	n=5	avg=123.40	stddev=11.91	bps=49360.00
Time:1663791710	n=8	avg=117.00	stddev=32.28	bps=74880.00
Time:1663791710	n=10	avg=189.00	stddev=138.44	bps=151200.00
Time:1663791710	n=3	avg=153.00	stddev=32.93	bps=36720.00
Time:1663791710	n=4	avg=144.75	stddev=13.35	bps=46320.00
Time:1663791710	n=6	avg=152.50	stddev=40.51	bps=73200.00
Time:1663791710	n=5	avg=210.00	stddev=180.46	bps=84000.00
Time:1663791710	n=4	avg=216.25	stddev=119.04	bps=69200.00
Time:1663791710	n=5	avg=129.60	stddev=16.03	bps=51840.00
Time:1663791710	n=9	avg=158.44	stddev=79.56	bps=114080.00
Time:1663791711	n=14	avg=118.36	stddev=118.54	bps=132560.00
Time:1663791711	n=6	avg=103.00	stddev=29.26	bps=49440.00
Time:1663791711	n=5	avg=100.00	stddev=55.09	bps=40000.00
Time:1663791711	n=6	avg=89.83	stddev=33.79	bps=43120.00
Time:1663791711	n=4	avg=137.25	stddev=74.95	bps=43920.00
Time:1663791711	n=10	avg=108.50	stddev=53.85	bps=86800.00
Time:1663791711	n=7	avg=123.00	stddev=33.70	bps=68880.00
Time:1663791711	n=11	avg=186.55	stddev=208.29	bps=164160.00
Time:1663791711	n=10	avg=148.90	stddev=127.35	bps=119120.00
Time:1663791711	n=9	avg=99.67	stddev=41.13	bps=71760.00
Time:1663791712	n=7	avg=114.43	stddev=33.98	bps=64080.00
Time:1663791712	n=17	avg=148.18	stddev=182.68	bps=201520.00
Time:1663791712	n=8	avg=139.88	stddev=65.20	bps=89520.00
Time:1663791712	n=3	avg=123.00	stddev=69.17	bps=29520.00
Time:1663791712	n=9	avg=112.44	stddev=45.28	bps=80960.00
Time:1663791712	n=5	avg=158.00	stddev=126.75	bps=63200.00
Time:1663791712	n=7	avg=192.00	stddev=166.12	bps=107520.00
Time:1663791712	n=4	avg=70.00	stddev=26.76	bps=22400.00
Time:1663791712	n=8	avg=119.12	stddev=117.44	bps=76240.00
Time:1663791712	n=11	avg=172.64	stddev=242.98	bps=151920.00
Time:1663791713	n=1	avg=50.00	stddev=0.00	bps=4000.00
Time:1663791713	n=4	avg=141.00	stddev=57.99	bps=45120.00
Time:1663791713	n=8	avg=128.75	stddev=77.31	bps=82400.00
Time:1663791713	n=1	avg=116.00	stddev=0.00	bps=9280.00
Time:1663791713	n=5	avg=108.80	stddev=39.75	bps=43520.00
Time:1663791713	n=2	avg=79.00	stddev=37.00	bps=12640.00
Time:1663791713	n=4	avg=140.75	stddev=71.61	bps=45040.00
Time:1663791713	n=5	avg=98.40	stddev=53.97	bps=39360.00
Time:1663791713	n=4	avg=80.00	stddev=26.79	bps=25600.00
Time:1663791713	n=7	avg=102.29	stddev=68.50	bps=57280.00
Time:1663791714	n=5	avg=291.00	stddev=64.64	bps=116400.00
Time:1663791714	n=17	avg=190.59	stddev=190.02	bps=259200.00
Time:1663791714	n=10	avg=229.70	stddev=151.97	bps=183760.00
Time:1663791714	n=11	avg=246.00	stddev=134.80	bps=216480.00
Time:1663791714	n=7	avg=239.71	stddev=66.24	bps=134240.00
Time:1663791714	n=14	avg=152.57	stddev=117.16	bps=170880.00
Time:1663791714	n=5	avg=272.00	stddev=55.29	bps=108800.00
Time:1663791714	n=5	avg=295.60	stddev=18.55	bps=118240.00
Time:1663791714	n=5	avg=291.00	stddev=11.49	bps=116400.00
Time:1663791714	n=5	avg=251.80	stddev=11.05	bps=100720.00
Time:1663791715	n=7	avg=162.86	stddev=70.18	bps=91200.00
Time:1663791715	n=15	avg=95.53	stddev=52.32	bps=114640.00
Time:1663791715	n=10	avg=117.30	stddev=60.08	bps=93840.00
Time:1663791715	n=13	avg=152.85	stddev=196.80	bps=158960.00
Time:1663791715	n=9	avg=130.89	stddev=27.78	bps=94240.00
Time:1663791715	n=9	avg=69.11	stddev=38.46	bps=49760.00
Time:1663791715	n=5	avg=201.80	stddev=93.72	bps=80720.00
Time:1663791715	n=2	avg=168.50	stddev=52.50	bps=26960.00
Time:1663791715	n=5	avg=135.40	stddev=64.44	bps=54160.00
Time:1663791715	n=4	avg=218.50	stddev=105.59	bps=69920.00
Time:1663791716	n=7	avg=106.86	stddev=83.21	bps=59840.00
Time:1663791716	n=7	avg=88.43	stddev=29.50	bps=49520.00
Time:1663791716	n=5	avg=66.80	stddev=31.31	bps=26720.00
Time:1663791716	n=22	avg=159.36	stddev=173.96	bps=280480.00
Time:1663791716	n=8	avg=198.62	stddev=66.24	bps=127120.00
Time:1663791716	n=7	avg=319.00	stddev=56.73	bps=178640.00
Time:1663791716	n=7	avg=335.14	stddev=98.57	bps=187680.00
Time:1663791716	n=17	avg=155.76	stddev=123.45	bps=211840.00
Time:1663791716	n=8	avg=243.25	stddev=83.87	bps=155680.00
Time:1663791716	n=9	avg=213.56	stddev=72.67	bps=153760.00
Time:1663791717	n=7	avg=230.71	stddev=66.30	bps=129200.00
Time:1663791717	n=16	avg=141.75	stddev=107.45	bps=181440.00
Time:1663791717	n=7	avg=308.14	stddev=126.81	bps=172560.00
Time:1663791717	n=9	avg=225.67	stddev=82.57	bps=162480.00
Time:1663791717	n=6	avg=243.00	stddev=62.27	bps=116640.00
Time:1663791717	n=7	avg=175.29	stddev=71.39	bps=98160.00
Time:1663791717	n=12	avg=154.17	stddev=96.95	bps=148000.00
Time:1663791717	n=8	avg=295.38	stddev=132.50	bps=189040.00
Time:1663791717	n=8	avg=211.00	stddev=109.54	bps=135040.00
Time:1663791717	n=6	avg=248.33	stddev=50.91	bps=119200.00
Time:1663791718	n=7	avg=131.86	stddev=34.51	bps=73840.00
Time:1663791718	n=10	avg=112.10	stddev=44.13	bps=89680.00
Time:1663791718	n=7	avg=202.00	stddev=153.42	bps=113120.00
Time:1663791718	n=4	avg=226.00	stddev=183.07	bps=72320.00
Time:1663791718	n=0	avg=0.00	stddev=0.00	bps=0.00
Time:1663791718	n=5	avg=102.20	stddev=31.31	bps=40880.00
Time:1663791718	n=7	avg=133.29	stddev=34.72	bps=74640.00
Time:1663791718	n=10	avg=201.90	stddev=141.46	bps=161520.00
Time:1663791718	n=7	avg=139.29	stddev=53.76	bps=78000.00
Time:1663791718	n=5	avg=128.40	stddev=3.07	bps=51360.00
Time:1663791719	n=5	avg=108.40	stddev=33.96	bps=43360.00
Time:1663791719	n=0	avg=0.00	stddev=0.00	bps=0.00
Time:1663791719	n=3	avg=108.00	stddev=11.31	bps=25920.00
Time:1663791719	n=3	avg=165.00	stddev=40.85	bps=39600.00
Time:1663791719	n=2	avg=147.50	stddev=31.50	bps=23600.00
Time:1663791719	n=2	avg=117.50	stddev=1.50	bps=18800.00
Time:1663791719	n=6	avg=115.50	stddev=106.11	bps=55440.00
Time:1663791719	n=3	avg=192.33	stddev=105.84	bps=46160.00
Time:1663791719	n=2	avg=131.50	stddev=15.50	bps=21040.00
Time:1663791719	n=10	avg=141.70	stddev=100.06	bps=113360.00
Time:1663791720	n=7	avg=251.00	stddev=93.52	bps=140560.00
Time:1663791720	n=12	avg=160.33	stddev=119.94	bps=153920.00
Time:1663791720	n=8	avg=263.75	stddev=127.11	bps=168800.00
Time:1663791720	n=6	avg=273.00	stddev=66.66	bps=131040.00
Time:1663791720	n=5	avg=276.20	stddev=20.41	bps=110480.00
Time:1663791720	n=13	avg=140.46	stddev=103.13	bps=146080.00
Time:1663791720	n=8	avg=210.75	stddev=84.34	bps=134880.00
Time:1663791720	n=6	avg=222.00	stddev=146.58	bps=106560.00
Time:1663791720	n=6	avg=146.50	stddev=8.64	bps=70320.00
Time:1663791720	n=7	avg=129.86	stddev=13.60	bps=72720.00
Time:1663791721	n=6	avg=118.67	stddev=34.55	bps=56960.00
Time:1663791721	n=7	avg=152.29	stddev=35.39	bps=85280.00
Time:1663791721	n=6	avg=136.33	stddev=20.60	bps=65440.00
Time:1663791721	n=5	avg=129.60	stddev=4.08	bps=51840.00
Time:1663791721	n=5	avg=73.80	stddev=39.10	bps=29520.00
Time:1663791721	n=2	avg=136.50	stddev=20.50	bps=21840.00
Time:1663791721	n=3	avg=131.67	stddev=34.10	bps=31600.00
Time:1663791721	n=2	avg=263.50	stddev=147.50	bps=42160.00
Time:1663791721	n=8	avg=96.88	stddev=77.75	bps=62000.00
Time:1663791721	n=1	avg=116.00	stddev=0.00	bps=9280.00
Time:1663791722	n=0	avg=0.00	stddev=0.00	bps=0.00
Time:1663791722	n=3	avg=155.00	stddev=55.15	bps=37200.00
Time:1663791722	n=3	avg=83.33	stddev=30.83	bps=20000.00
Time:1663791722	n=2	avg=128.50	stddev=12.50	bps=20560.00
Time:1663791722	n=6	avg=232.33	stddev=49.19	bps=111520.00
Time:1663791722	n=13	avg=198.62	stddev=123.62	bps=206560.00
Time:1663791722	n=6	avg=291.17	stddev=56.64	bps=139760.00
Time:1663791722	n=7	avg=192.57	stddev=74.96	bps=107840.00
Time:1663791722	n=5	avg=163.00	stddev=49.26	bps=65200.00
Time:1663791722	n=8	avg=176.12	stddev=99.61	bps=112720.00
Time:1663791723	n=6	avg=214.50	stddev=77.55	bps=102960.00
Time:1663791723	n=12	avg=162.67	stddev=203.87	bps=156160.00
Time:1663791723	n=7	avg=238.00	stddev=133.38	bps=133280.00
Time:1663791723	n=8	avg=150.62	stddev=46.48	bps=96400.00
Time:1663791723	n=6	avg=188.33	stddev=100.67	bps=90400.00
Time:1663791723	n=5	avg=219.00	stddev=35.59	bps=87600.00
Time:1663791723	n=8	avg=167.25	stddev=61.81	bps=107040.00
Time:1663791723	n=8	avg=169.12	stddev=72.36	bps=108240.00
Time:1663791723	n=6	avg=129.83	stddev=4.67	bps=62320.00
Time:1663791723	n=7	avg=145.86	stddev=110.39	bps=81680.00
Time:1663791724	n=1	avg=116.00	stddev=0.00	bps=9280.00
Time:1663791724	n=9	avg=78.78	stddev=54.22	bps=56720.00
Time:1663791724	n=4	avg=227.00	stddev=196.30	bps=72640.00
Time:1663791724	n=12	avg=94.42	stddev=68.67	bps=90640.00
Time:1663791724	n=7	avg=132.43	stddev=39.18	bps=74160.00
Time:1663791724	n=6	avg=135.67	stddev=7.78	bps=65120.00
Time:1663791724	n=7	avg=107.57	stddev=41.83	bps=60240.00
Time:1663791724	n=8	avg=165.50	stddev=146.78	bps=105920.00
Time:1663791724	n=3	avg=128.33	stddev=17.44	bps=30800.00
Time:1663791724	n=3	avg=168.67	stddev=54.66	bps=40480.00
Time:1663791725	n=3	avg=98.67	stddev=41.06	bps=23680.00
Time:1663791725	n=3	avg=248.67	stddev=115.25	bps=59680.00
Time:1663791725	n=1	avg=116.00	stddev=0.00	bps=9280.00
Time:1663791725	n=9	avg=67.56	stddev=26.00	bps=48640.00
Time:1663791725	n=7	avg=173.86	stddev=81.30	bps=97360.00
Time:1663791725	n=15	avg=141.93	stddev=186.82	bps=170320.00
Time:1663791725	n=6	avg=131.83	stddev=7.73	bps=63280.00
Time:1663791725	n=11	avg=87.27	stddev=52.78	bps=76800.00
Time:1663791725	n=1	avg=116.00	stddev=0.00	bps=9280.00
Time:1663791725	n=5	avg=142.20	stddev=64.59	bps=56880.00
Time:1663791726	n=2	avg=123.50	stddev=7.50	bps=19760.00
Time:1663791726	n=3	avg=195.00	stddev=59.06	bps=46800.00
Time:1663791726	n=10	avg=134.60	stddev=136.65	bps=107680.00
Time:1663791726	n=10	avg=172.80	stddev=132.07	bps=138240.00
Time:1663791726	n=8	avg=140.75	stddev=27.19	bps=90080.00
Time:1663791726	n=17	avg=91.53	stddev=52.20	bps=124480.00
Time:1663791726	n=5	avg=224.40	stddev=54.74	bps=89760.00
Time:1663791726	n=18	avg=177.17	stddev=173.85	bps=255120.00
Time:1663791726	n=11	avg=95.55	stddev=46.79	bps=84080.00
Time:1663791726	n=6	avg=207.33	stddev=100.86	bps=99520.00
Time:1663791727	n=8	avg=203.62	stddev=73.15	bps=130320.00
Time:1663791727	n=11	avg=205.91	stddev=153.27	bps=181200.00
Time:1663791727	n=7	avg=254.57	stddev=60.27	bps=142560.00
Time:1663791727	n=8	avg=289.00	stddev=120.22	bps=184960.00
Time:1663791727	n=12	avg=151.92	stddev=84.10	bps=145840.00
Time:1663791727	n=5	avg=273.00	stddev=59.14	bps=109200.00
Time:1663791727	n=7	avg=245.00	stddev=128.59	bps=137200.00
Time:1663791727	n=10	avg=172.70	stddev=115.66	bps=138160.00
Time:1663791727	n=11	avg=169.27	stddev=94.83	bps=148960.00
Time:1663791727	n=11	avg=271.18	stddev=221.18	bps=238640.00
Time:1663791728	n=4	avg=194.75	stddev=50.27	bps=62320.00
Time:1663791728	n=7	avg=185.29	stddev=108.59	bps=103760.00
Time:1663791728	n=3	avg=214.00	stddev=129.51	bps=51360.00
Time:1663791728	n=6	avg=191.50	stddev=67.46	bps=91920.00
Time:1663791728	n=9	avg=264.33	stddev=140.42	bps=190320.00
Time:1663791728	n=7	avg=289.57	stddev=80.56	bps=162160.00
Time:1663791728	n=6	avg=313.00	stddev=21.68	bps=150240.00
Time:1663791728	n=5	avg=308.00	stddev=10.49	bps=123200.00
Time:1663791728	n=6	avg=244.67	stddev=54.17	bps=117440.00
Time:1663791728	n=10	avg=154.90	stddev=101.60	bps=123920.00
Time:1663791729	n=7	avg=266.29	stddev=37.20	bps=149120.00
Time:1663791729	n=16	avg=138.19	stddev=183.06	bps=176880.00
Time:1663791729	n=5	avg=127.00	stddev=1.41	bps=50800.00
Time:1663791729	n=1	avg=116.00	stddev=0.00	bps=9280.00
Time:1663791729	n=6	avg=123.67	stddev=29.24	bps=59360.00
Time:1663791729	n=5	avg=141.20	stddev=13.61	bps=56480.00
Time:1663791729	n=7	avg=174.00	stddev=133.79	bps=97440.00
Time:1663791729	n=1	avg=116.00	stddev=0.00	bps=9280.00
Time:1663791729	n=2	avg=147.50	stddev=31.50	bps=23600.00
Time:1663791729	n=1	avg=116.00	stddev=0.00	bps=9280.00
Time:1663791730	n=6	avg=65.83	stddev=30.68	bps=31600.00
Time:1663791730	n=2	avg=279.00	stddev=163.00	bps=44640.00
Time:1663791730	n=9	avg=50.22	stddev=23.26	bps=36160.00
Time:1663791730	n=0	avg=0.00	stddev=0.00	bps=0.00
Time:1663791730	n=4	avg=221.75	stddev=197.26	bps=70960.00
Time:1663791730	n=5	avg=178.60	stddev=84.79	bps=71440.00
Time:1663791730	n=8	avg=232.12	stddev=113.32	bps=148560.00
Time:1663791730	n=10	avg=212.00	stddev=121.33	bps=169600.00
Time:1663791730	n=9	avg=240.56	stddev=146.67	bps=173200.00
Time:1663791730	n=11	avg=186.18	stddev=102.62	bps=163840.00
Time:1663791731	n=12	avg=481.08	stddev=531.35	bps=461840.00
Time:1663791731	n=14	avg=677.07	stddev=548.73	bps=758320.00
Time:1663791731	n=8	avg=280.25	stddev=162.05	bps=179360.00
Time:1663791731	n=19	avg=670.42	stddev=615.77	bps=1019040.00
Time:1663791731	n=17	avg=496.65	stddev=524.60	bps=675440.00
Time:1663791731	n=9	avg=156.67	stddev=116.31	bps=112800.00
Time:1663791731	n=14	avg=199.50	stddev=201.54	bps=223440.00
Time:1663791731	n=5	avg=219.00	stddev=49.88	bps=87600.00
Time:1663791731	n=6	avg=299.17	stddev=83.14	bps=143600.00
Time:1663791731	n=7	avg=292.00	stddev=56.56	bps=163520.00
Time:1663791732	n=6	avg=301.33	stddev=116.73	bps=144640.00
Time:1663791732	n=6	avg=258.67	stddev=22.13	bps=124160.00
Time:1663791732	n=8	avg=233.50	stddev=117.56	bps=149440.00
Time:1663791732	n=5	avg=221.00	stddev=55.43	bps=88400.00
Time:1663791732	n=7	avg=214.86	stddev=76.34	bps=120320.00
Time:1663791732	n=5	avg=248.40	stddev=41.24	bps=99360.00
Time:1663791732	n=8	avg=163.88	stddev=86.86	bps=104880.00
Time:1663791732	n=10	avg=249.50	stddev=164.30	bps=199600.00
Time:1663791732	n=6	avg=234.00	stddev=59.58	bps=112320.00
Time:1663791732	n=8	avg=183.25	stddev=53.97	bps=117280.00
Time:1663791733	n=7	avg=103.57	stddev=39.38	bps=58000.00
Time:1663791733	n=3	avg=123.00	stddev=5.10	bps=29520.00
Time:1663791733	n=0	avg=0.00	stddev=0.00	bps=0.00
Time:1663791733	n=2	avg=116.00	stddev=0.00	bps=18560.00
Time:1663791733	n=0	avg=0.00	stddev=0.00	bps=0.00
Time:1663791733	n=7	avg=91.57	stddev=39.89	bps=51280.00
Time:1663791733	n=2	avg=108.00	stddev=8.00	bps=17280.00
Time:1663791733	n=3	avg=114.00	stddev=6.68	bps=27360.00
Time:1663791733	n=5	avg=102.20	stddev=33.07	bps=40880.00
Time:1663791733	n=11	avg=98.82	stddev=70.73	bps=86960.00
Time:1663791734	n=5	avg=272.00	stddev=50.38	bps=108800.00
Time:1663791734	n=7	avg=323.86	stddev=59.83	bps=181360.00
Time:1663791734	n=15	avg=198.67	stddev=199.73	bps=238400.00
Time:1663791734	n=5	avg=227.80	stddev=93.20	bps=91120.00
Time:1663791734	n=8	avg=302.62	stddev=100.94	bps=193680.00
Time:1663791734	n=9	avg=205.44	stddev=71.57	bps=147920.00
Time:1663791734	n=8	avg=220.00	stddev=87.37	bps=140800.00
Time:1663791734	n=8	avg=205.62	stddev=67.91	bps=131600.00
Time:1663791734	n=12	avg=93.25	stddev=55.48	bps=89520.00
Time:1663791734	n=11	avg=222.91	stddev=116.12	bps=196160.00
Time:1663791735	n=9	avg=184.44	stddev=117.81	bps=132800.00
Time:1663791735	n=11	avg=179.91	stddev=114.15	bps=158320.00
Time:1663791735	n=5	avg=283.40	stddev=21.43	bps=113360.00
Time:1663791735	n=8	avg=194.12	stddev=71.43	bps=124240.00
Time:1663791735	n=5	avg=137.40	stddev=7.86	bps=54960.00
Time:1663791735	n=5	avg=117.40	stddev=13.53	bps=46960.00
Time:1663791735	n=0	avg=0.00	stddev=0.00	bps=0.00
Time:1663791735	n=8	avg=159.25	stddev=67.11	bps=101920.00
Time:1663791735	n=6	avg=228.67	stddev=77.44	bps=109760.00
Time:1663791735	n=12	avg=177.25	stddev=115.81	bps=170160.00
Time:1663791736	n=7	avg=249.43	stddev=97.47	bps=139680.00
Time:1663791736	n=8	avg=267.75	stddev=105.62	bps=171360.00
Time:1663791736	n=6	avg=268.50	stddev=18.81	bps=128880.00
Time:1663791736	n=12	avg=150.83	stddev=92.64	bps=144800.00
Time:1663791736	n=7	avg=237.43	stddev=62.79	bps=132960.00
Time:1663791736	n=8	avg=212.50	stddev=87.50	bps=136000.00
Time:1663791736	n=9	avg=237.00	stddev=102.10	bps=170640.00
Time:1663791736	n=12	avg=143.92	stddev=110.51	bps=138160.00
Time:1663791736	n=11	avg=165.00	stddev=99.15	bps=145200.00
Time:1663791736	n=14	avg=145.64	stddev=110.14	bps=163120.00
Time:1663791737	n=12	avg=227.92	stddev=72.25	bps=218800.00
Time:1663791737	n=15	avg=194.73	stddev=200.36	bps=233680.00
Time:1663791737	n=7	avg=208.57	stddev=101.89	bps=116800.00
Time:1663791737	n=7	avg=262.43	stddev=93.80	bps=146960.00
Time:1663791737	n=7	avg=261.29	stddev=64.81	bps=146320.00
Time:1663791737	n=9	avg=189.33	stddev=83.64	bps=136320.00
Time:1663791737	n=9	avg=175.78	stddev=106.88	bps=126560.00
Time:1663791737	n=5	avg=148.00	stddev=4.69	bps=59200.00
Time:1663791737	n=8	avg=168.38	stddev=65.22	bps=107760.00
Time:1663791737	n=6	avg=145.00	stddev=31.95	bps=69600.00
Time:1663791738	n=4	avg=80.00	stddev=38.03	bps=25600.00
Time:1663791738	n=6	avg=171.83	stddev=92.11	bps=82480.00
Time:1663791738	n=7	avg=245.71	stddev=97.45	bps=137600.00
Time:1663791738	n=8	avg=166.00	stddev=44.62	bps=106240.00
Time:1663791738	n=8	avg=168.50	stddev=90.49	bps=107840.00
Time:1663791738	n=8	avg=203.88	stddev=101.84	bps=130480.00
Time:1663791738	n=9	avg=181.00	stddev=81.03	bps=130320.00
Time:1663791738	n=5	avg=144.40	stddev=5.31	bps=57760.00
Time:1663791738	n=12	avg=115.83	stddev=52.67	bps=111200.00
Time:1663791738	n=6	avg=134.00	stddev=40.55	bps=64320.00
Time:1663791739	n=7	avg=137.14	stddev=40.28	bps=76800.00
Time:1663791739	n=11	avg=190.73	stddev=114.76	bps=167840.00
Time:1663791739	n=8	avg=245.25	stddev=111.13	bps=156960.00
Time:1663791739	n=15	avg=201.33	stddev=206.18	bps=241600.00
Time:1663791739	n=7	avg=271.29	stddev=89.68	bps=151920.00
Time:1663791739	n=10	avg=170.80	stddev=93.93	bps=136640.00
Time:1663791739	n=7	avg=139.00	stddev=52.87	bps=77840.00
Time:1663791739	n=6	avg=175.50	stddev=104.47	bps=84240.00
Time:1663791739	n=5	avg=137.00	stddev=16.92	bps=54800.00
Time:1663791739	n=7	avg=199.43	stddev=80.25	bps=111680.00
Time:1663791740	n=7	avg=134.29	stddev=35.24	bps=75200.00
Time:1663791740	n=7	avg=215.57	stddev=150.38	bps=120720.00
Time:1663791740	n=7	avg=340.14	stddev=34.51	bps=190480.00
Time:1663791740	n=12	avg=169.08	stddev=108.15	bps=162320.00
Time:1663791740	n=6	avg=250.33	stddev=58.64	bps=120160.00
Time:1663791740	n=17	avg=179.82	stddev=187.80	bps=244560.00
Time:1663791740	n=9	avg=131.89	stddev=47.61	bps=94960.00
Time:1663791740	n=6	avg=129.00	stddev=10.08	bps=61920.00
Time:1663791740	n=5	avg=172.60	stddev=86.71	bps=69040.00
Time:1663791740	n=5	avg=70.60	stddev=35.06	bps=28240.00
Time:1663791741	n=1	avg=116.00	stddev=0.00	bps=9280.00
Time:1663791741	n=2	avg=308.00	stddev=192.00	bps=49280.00
Time:1663791741	n=3	avg=121.00	stddev=5.10	bps=29040.00
Time:1663791741	n=3	avg=89.67	stddev=27.33	bps=21520.00
Time:1663791741	n=0	avg=0.00	stddev=0.00	bps=0.00
Time:1663791741	n=7	avg=217.14	stddev=102.05	bps=121600.00
Time:1663791741	n=9	avg=205.11	stddev=128.73	bps=147680.00
Time:1663791741	n=18	avg=186.28	stddev=193.81	bps=268240.00
Time:1663791741	n=8	avg=189.50	stddev=112.83	bps=121280.00
Time:1663791741	n=16	avg=121.25	stddev=98.38	bps=155200.00
Time:1663791742	n=11	avg=168.00	stddev=96.85	bps=147840.00
Time:1663791742	n=25	avg=184.32	stddev=215.91	bps=368640.00
Time:1663791742	n=10	avg=179.80	stddev=81.55	bps=143840.00
Time:1663791742	n=6	avg=300.50	stddev=123.66	bps=144240.00
Time:1663791742	n=7	avg=241.14	stddev=82.68	bps=135040.00
Time:1663791742	n=9	avg=202.22	stddev=101.38	bps=145600.00
Time:1663791742	n=9	avg=211.33	stddev=109.28	bps=152160.00
Time:1663791742	n=13	avg=149.69	stddev=108.43	bps=155680.00
Time:1663791742	n=12	avg=180.50	stddev=108.59	bps=173280.00
Time:1663791742	n=5	avg=214.80	stddev=57.72	bps=85920.00
Time:1663791743	n=16	avg=191.12	stddev=209.79	bps=244640.00
Time:1663791743	n=5	avg=249.00	stddev=103.76	bps=99600.00
Time:1663791743	n=8	avg=204.88	stddev=94.63	bps=131120.00
Time:1663791743	n=10	avg=178.90	stddev=62.33	bps=143120.00
Time:1663791743	n=6	avg=281.33	stddev=49.08	bps=135040.00
Time:1663791743	n=6	avg=143.17	stddev=89.71	bps=68720.00
Time:1663791743	n=9	avg=185.11	stddev=90.45	bps=133280.00
Time:1663791743	n=13	avg=146.54	stddev=102.70	bps=152400.00
Time:1663791743	n=6	avg=165.00	stddev=58.50	bps=79200.00
Time:1663791743	n=16	avg=193.81	stddev=194.86	bps=248080.00
Time:1663791744	n=3	avg=287.33	stddev=23.91	bps=68960.00
Time:1663791744	n=10	avg=213.30	stddev=115.63	bps=170640.00
Time:1663791744	n=7	avg=261.57	stddev=65.94	bps=146480.00
Time:1663791744	n=6	avg=242.83	stddev=68.88	bps=116560.00
Time:1663791744	n=9	avg=153.56	stddev=81.84	bps=110560.00
Time:1663791744	n=6	avg=205.00	stddev=68.75	bps=98400.00
Time:1663791744	n=9	avg=212.44	stddev=116.03	bps=152960.00
Time:1663791744	n=6	avg=204.50	stddev=72.08	bps=98160.00
Time:1663791744	n=14	avg=106.57	stddev=67.54	bps=119360.00
Time:1663791744	n=8	avg=165.62	stddev=95.06	bps=106000.00
Time:1663791745	n=9	avg=188.56	stddev=79.08	bps=135760.00
Time:1663791745	n=11	avg=219.00	stddev=211.27	bps=192720.00
Time:1663791745	n=7	avg=112.57	stddev=45.59	bps=63040.00
Time:1663791745	n=9	avg=111.00	stddev=53.17	bps=79920.00
Time:1663791745	n=7	avg=139.57	stddev=44.80	bps=78160.00
Time:1663791745	n=6	avg=131.00	stddev=39.90	bps=62880.00
Time:1663791745	n=7	avg=165.14	stddev=47.63	bps=92480.00
Time:1663791745	n=7	avg=152.71	stddev=27.08	bps=85520.00
Time:1663791745	n=8	avg=118.25	stddev=31.02	bps=75680.00
Time:1663791745	n=7	avg=149.86	stddev=52.81	bps=83920.00
Time:1663791746	n=7	avg=140.29	stddev=43.75	bps=78560.00
Time:1663791746	n=10	avg=165.50	stddev=74.52	bps=132400.00
Time:1663791746	n=6	avg=191.67	stddev=59.11	bps=92000.00
Time:1663791746	n=6	avg=198.50	stddev=58.34	bps=95280.00
Time:1663791746	n=5	avg=142.80	stddev=5.53	bps=57120.00
Time:1663791746	n=6	avg=147.33	stddev=38.51	bps=70720.00
Time:1663791746	n=2	avg=116.00	stddev=0.00	bps=18560.00
Time:1663791746	n=3	avg=108.33	stddev=11.56	bps=26000.00
Time:1663791746	n=1	avg=89.00	stddev=0.00	bps=7120.00
Time:1663791746	n=2	avg=230.50	stddev=114.50	bps=36880.00
Time:1663791747	n=6	avg=193.67	stddev=42.99	bps=92960.00
Time:1663791747	n=6	avg=246.00	stddev=45.37	bps=118080.00
Time:1663791747	n=6	avg=143.17	stddev=36.30	bps=68720.00
Time:1663791747	n=5	avg=124.20	stddev=1.47	bps=49680.00
Time:1663791747	n=4	avg=144.75	stddev=12.19	bps=46320.00
Time:1663791747	n=6	avg=158.17	stddev=10.85	bps=75920.00
Time:1663791747	n=5	avg=164.00	stddev=9.32	bps=65600.00
Time:1663791747	n=7	avg=300.71	stddev=85.94	bps=168400.00
Time:1663791747	n=7	avg=255.43	stddev=108.18	bps=143040.00
Time:1663791747	n=6	avg=240.33	stddev=107.35	bps=115360.00
Time:1663791748	n=5	avg=281.20	stddev=1.94	bps=112480.00
Time:1663791748	n=5	avg=289.60	stddev=13.26	bps=115840.00
Time:1663791748	n=13	avg=136.00	stddev=109.14	bps=141440.00
Time:1663791748	n=5	avg=288.80	stddev=10.65	bps=115520.00
Time:1663791748	n=5	avg=255.60	stddev=18.73	bps=102240.00
Time:1663791748	n=8	avg=114.12	stddev=56.07	bps=73040.00
Time:1663791748	n=7	avg=139.71	stddev=38.73	bps=78240.00
Time:1663791748	n=7	avg=115.57	stddev=10.49	bps=64720.00
Time:1663791748	n=7	avg=104.29	stddev=25.82	bps=58400.00
Time:1663791748	n=7	avg=187.29	stddev=122.99	bps=104880.00
Time:1663791749	n=9	avg=116.78	stddev=66.19	bps=84080.00
Time:1663791749	n=6	avg=231.67	stddev=80.50	bps=111200.00
Time:1663791749	n=6	avg=202.17	stddev=52.91	bps=97040.00
Time:1663791749	n=6	avg=140.17	stddev=27.15	bps=67280.00
Time:1663791749	n=8	avg=90.50	stddev=38.14	bps=57920.00
Time:1663791749	n=4	avg=105.25	stddev=16.71	bps=33680.00
Time:1663791749	n=3	avg=98.00	stddev=12.73	bps=23520.00
Time:1663791749	n=4	avg=104.00	stddev=13.58	bps=33280.00
Time:1663791749	n=11	avg=95.73	stddev=56.06	bps=84240.00
Time:1663791749	n=8	avg=140.38	stddev=51.96	bps=89840.00
Time:1663791750	n=4	avg=93.00	stddev=26.03	bps=29760.00
Time:1663791750	n=3	avg=66.67	stddev=34.88	bps=16000.00
Time:1663791750	n=0	avg=0.00	stddev=0.00	bps=0.00
Time:1663791750	n=2	avg=116.00	stddev=0.00	bps=18560.00
Time:1663791750	n=0	avg=0.00	stddev=0.00	bps=0.00
Time:1663791750	n=4	avg=87.75	stddev=30.84	bps=28080.00
Time:1663791750	n=9	avg=76.11	stddev=30.65	bps=54800.00
Time:1663791750	n=4	avg=157.00	stddev=70.66	bps=50240.00
Time:1663791750	n=5	avg=72.20	stddev=28.37	bps=28880.00
Time:1663791750	n=4	avg=131.00	stddev=88.35	bps=41920.00
Time:1663791751	n=0	avg=0.00	stddev=0.00	bps=0.00
Time:1663791751	n=7	avg=147.71	stddev=55.41	bps=82720.00
Time:1663791751	n=4	avg=124.00	stddev=5.34	bps=39680.00
Time:1663791751	n=1	avg=116.00	stddev=0.00	bps=9280.00
Time:1663791751	n=3	avg=77.00	stddev=30.34	bps=18480.00
Time:1663791751	n=1	avg=42.00	stddev=0.00	bps=3360.00
Time:1663791751	n=7	avg=110.43	stddev=74.41	bps=61840.00
Time:1663791751	n=2	avg=104.00	stddev=12.00	bps=16640.00
Time:1663791751	n=3	avg=77.00	stddev=30.34	bps=18480.00
Time:1663791751	n=5	avg=90.80	stddev=46.71	bps=36320.00
Time:1663791752	n=2	avg=108.00	stddev=8.00	bps=17280.00
Time:1663791752	n=3	avg=155.00	stddev=37.16	bps=37200.00
Time:1663791752	n=7	avg=66.00	stddev=28.94	bps=36960.00
Time:1663791752	n=4	avg=131.50	stddev=15.01	bps=42080.00
Time:1663791752	n=5	avg=88.80	stddev=40.73	bps=35520.00
Time:1663791752	n=7	avg=73.57	stddev=34.15	bps=41200.00
Time:1663791752	n=4	avg=60.50	stddev=32.04	bps=19360.00
Time:1663791752	n=6	avg=116.33	stddev=44.49	bps=55840.00
Time:1663791752	n=2	avg=164.50	stddev=48.50	bps=26320.00
Time:1663791752	n=6	avg=203.50	stddev=106.01	bps=97680.00
Time:1663791753	n=5	avg=66.40	stddev=24.99	bps=26560.00
Time:1663791753	n=11	avg=116.64	stddev=63.98	bps=102640.00
Time:1663791753	n=12	avg=173.50	stddev=198.97	bps=166560.00
Time:1663791753	n=18	avg=83.61	stddev=50.51	bps=120400.00
Time:1663791753	n=7	avg=123.86	stddev=12.01	bps=69360.00
Time:1663791753	n=3	avg=110.33	stddev=25.22	bps=26480.00
Time:1663791753	n=3	avg=114.67	stddev=4.19	bps=27520.00
Time:1663791753	n=6	avg=82.83	stddev=29.73	bps=39760.00
Time:1663791753	n=2	avg=102.50	stddev=13.50	bps=16400.00
Time:1663791753	n=4	avg=191.00	stddev=132.14	bps=61120.00
Time:1663791754	n=2	avg=150.00	stddev=34.00	bps=24000.00
Time:1663791754	n=14	avg=80.07	stddev=61.11	bps=89680.00
Time:1663791754	n=8	avg=70.38	stddev=25.57	bps=45040.00
Time:1663791754	n=0	avg=0.00	stddev=0.00	bps=0.00
Time:1663791754	n=13	avg=126.15	stddev=202.29	bps=131200.00
Time:1663791754	n=5	avg=142.80	stddev=75.19	bps=57120.00
Time:1663791754	n=5	avg=179.80	stddev=87.33	bps=71920.00
Time:1663791754	n=6	avg=65.50	stddev=33.30	bps=31440.00
Time:1663791754	n=5	avg=101.00	stddev=62.95	bps=40400.00
Time:1663791754	n=2	avg=230.50	stddev=114.50	bps=36880.00
Time:1663791755	n=11	avg=119.82	stddev=79.08	bps=105440.00
Time:1663791755	n=5	avg=89.80	stddev=40.36	bps=35920.00
Time:1663791755	n=8	avg=99.12	stddev=55.61	bps=63440.00
Time:1663791755	n=6	avg=100.17	stddev=48.00	bps=48080.00
Time:1663791755	n=8	avg=103.62	stddev=49.00	bps=66320.00
Time:1663791755	n=9	avg=138.67	stddev=113.60	bps=99840.00
Time:1663791755	n=24	avg=133.62	stddev=153.61	bps=256560.00
Time:1663791755	n=8	avg=82.00	stddev=58.67	bps=52480.00
Time:1663791755	n=9	avg=157.33	stddev=154.19	bps=113280.00
Time:1663791755	n=6	avg=87.67	stddev=57.35	bps=42080.00
Time:1663791756	n=6	avg=182.17	stddev=115.75	bps=87440.00
Time:1663791756	n=14	avg=137.36	stddev=199.56	bps=153840.00
Time:1663791756	n=5	avg=103.80	stddev=69.18	bps=41520.00
Time:1663791756	n=8	avg=92.00	stddev=52.69	bps=58880.00
Time:1663791756	n=9	avg=109.11	stddev=113.57	bps=78560.00
Time:1663791756	n=3	avg=218.67	stddev=134.73	bps=52480.00
Time:1663791756	n=5	avg=97.80	stddev=62.52	bps=39120.00
Time:1663791756	n=7	avg=77.71	stddev=28.30	bps=43520.00
Time:1663791756	n=3	avg=140.33	stddev=52.31	bps=33680.00
Time:1663791756	n=11	avg=145.36	stddev=219.14	bps=127920.00
Time:1663791757	n=5	avg=189.60	stddev=107.71	bps=75840.00
Time:1663791757	n=1	avg=116.00	stddev=0.00	bps=9280.00
Time:1663791757	n=2	avg=117.50	stddev=1.50	bps=18800.00
Time:1663791757	n=1	avg=116.00	stddev=0.00	bps=9280.00
Time:1663791757	n=3	avg=114.67	stddev=4.19	bps=27520.00
Time:1663791757	n=2	avg=163.50	stddev=47.50	bps=26160.00
Time:1663791757	n=2	avg=86.00	stddev=30.00	bps=13760.00
Time:1663791757	n=15	avg=53.87	stddev=20.11	bps=64640.00
Time:1663791757	n=3	avg=99.00	stddev=12.08	bps=23760.00
Time:1663791757	n=9	avg=115.89	stddev=160.10	bps=83440.00
Time:1663791758	n=3	avg=314.00	stddev=178.70	bps=75360.00
Time:1663791758	n=12	avg=171.08	stddev=225.46	bps=164240.00
Time:1663791758	n=4	avg=70.00	stddev=26.76	bps=22400.00
Time:1663791758	n=5	avg=116.80	stddev=116.19	bps=46720.00
Time:1663791758	n=10	avg=145.10	stddev=226.91	bps=116080.00
Time:1663791758	n=3	avg=105.00	stddev=47.59	bps=25200.00
Time:1663791758	n=3	avg=123.67	stddev=70.02	bps=29680.00
Time:1663791758	n=3	avg=111.00	stddev=7.79	bps=26640.00
Time:1663791758	n=5	avg=66.80	stddev=31.31	bps=26720.00
Time:1663791758	n=0	avg=0.00	stddev=0.00	bps=0.00
Time:1663791759	n=0	avg=0.00	stddev=0.00	bps=0.00
Time:1663791759	n=5	avg=100.60	stddev=29.32	bps=40240.00
Time:1663791759	n=8	avg=100.88	stddev=73.19	bps=64560.00
Time:1663791759	n=3	avg=90.33	stddev=34.20	bps=21680.00
Time:1663791759	n=8	avg=163.00	stddev=250.02	bps=104320.00
Time:1663791759	n=5	avg=128.60	stddev=80.70	bps=51440.00
Time:1663791759	n=4	avg=155.75	stddev=42.79	bps=49840.00
Time:1663791759	n=0	avg=0.00	stddev=0.00	bps=0.00
Time:1663791759	n=4	avg=134.25	stddev=46.51	bps=42960.00
Time:1663791759	n=2	avg=47.00	stddev=5.00	bps=7520.00
Time:1663791760	n=9	avg=141.11	stddev=111.21	bps=101600.00
Time:1663791760	n=4	avg=105.75	stddev=68.12	bps=33840.00
Time:1663791760	n=8	avg=56.00	stddev=23.54	bps=35840.00
Time:1663791760	n=2	avg=117.50	stddev=1.50	bps=18800.00
Time:1663791760	n=7	avg=182.14	stddev=262.07	bps=102000.00
Time:1663791760	n=2	avg=79.00	stddev=37.00	bps=12640.00
Time:1663791760	n=1	avg=116.00	stddev=0.00	bps=9280.00
Time:1663791760	n=1	avg=116.00	stddev=0.00	bps=9280.00
Time:1663791760	n=5	avg=116.20	stddev=17.17	bps=46480.00
Time:1663791760	n=7	avg=112.29	stddev=71.41	bps=62880.00
Time:1663791761	n=7	avg=66.29	stddev=38.85	bps=37120.00
Time:1663791761	n=5	avg=102.20	stddev=25.31	bps=40880.00
Time:1663791761	n=2	avg=108.00	stddev=8.00	bps=17280.00
Time:1663791761	n=3	avg=93.00	stddev=36.12	bps=22320.00
Time:1663791761	n=5	avg=86.60	stddev=40.93	bps=34640.00
Time:1663791761	n=1	avg=563.00	stddev=0.00	bps=45040.00
Time:1663791761	n=7	avg=189.43	stddev=284.27	bps=106080.00
Time:1663791761	n=0	avg=0.00	stddev=0.00	bps=0.00
Time:1663791761	n=3	avg=148.33	stddev=45.73	bps=35600.00
Time:1663791761	n=6	avg=80.00	stddev=18.33	bps=38400.00
Time:1663791762	n=3	avg=155.00	stddev=40.60	bps=37200.00
Time:1663791762	n=0	avg=0.00	stddev=0.00	bps=0.00
Time:1663791762	n=11	avg=106.82	stddev=143.07	bps=94000.00
Time:1663791762	n=3	avg=170.00	stddev=50.25	bps=40800.00
Time:1663791762	n=3	avg=138.33	stddev=28.12	bps=33200.00
Time:1663791762	n=1	avg=186.00	stddev=0.00	bps=14880.00
Time:1663791762	n=10	avg=114.70	stddev=70.79	bps=91760.00
Time:1663791762	n=5	avg=141.40	stddev=39.78	bps=56560.00
Time:1663791762	n=3	avg=130.33	stddev=32.25	bps=31280.00
Time:1663791762	n=6	avg=102.17	stddev=84.09	bps=49040.00
Time:1663791763	n=3	avg=167.33	stddev=39.16	bps=40160.00
Time:1663791763	n=2	avg=159.00	stddev=43.00	bps=25440.00
Time:1663791763	n=0	avg=0.00	stddev=0.00	bps=0.00
Time:1663791763	n=11	avg=110.27	stddev=70.21	bps=97040.00
Time:1663791763	n=5	avg=98.20	stddev=61.27	bps=39280.00
Time:1663791763	n=0	avg=0.00	stddev=0.00	bps=0.00
Time:1663791763	n=13	avg=195.69	stddev=201.48	bps=203520.00
Time:1663791763	n=9	avg=72.22	stddev=63.65	bps=52000.00
Time:1663791763	n=4	avg=169.00	stddev=139.43	bps=54080.00
Time:1663791763	n=6	avg=80.00	stddev=18.33	bps=38400.00
Time:1663791764	n=0	avg=0.00	stddev=0.00	bps=0.00
Time:1663791764	n=0	avg=0.00	stddev=0.00	bps=0.00
Time:1663791764	n=0	avg=0.00	stddev=0.00	bps=0.00
Time:1663791764	n=8	avg=79.00	stddev=37.00	bps=50560.00
Time:1663791764	n=7	avg=63.43	stddev=21.74	bps=35520.00
Time:1663791764	n=4	avg=176.75	stddev=107.59	bps=56560.00
Time:1663791764	n=22	avg=125.73	stddev=220.92	bps=221280.00
Time:1663791764	n=2	avg=117.50	stddev=1.50	bps=18800.00
Time:1663791764	n=2	avg=102.50	stddev=13.50	bps=16400.00
Time:1663791764	n=5	avg=168.60	stddev=119.57	bps=67440.00
Time:1663791765	n=4	avg=122.50	stddev=56.96	bps=39200.00
Time:1663791765	n=2	avg=163.50	stddev=47.50	bps=26160.00
Time:1663791765	n=2	avg=177.00	stddev=61.00	bps=28320.00
Time:1663791765	n=1	avg=211.00	stddev=0.00	bps=16880.00
Time:1663791765	n=3	avg=156.33	stddev=57.04	bps=37520.00
Time:1663791765	n=0	avg=0.00	stddev=0.00	bps=0.00
Time:1663791765	n=4	avg=134.00	stddev=70.23	bps=42880.00
Time:1663791765	n=1	avg=116.00	stddev=0.00	bps=9280.00
Time:1663791765	n=0	avg=0.00	stddev=0.00	bps=0.00
Time:1663791765	n=7	avg=142.43	stddev=37.81	bps=79760.00
Time:1663791766	n=1	avg=116.00	stddev=0.00	bps=9280.00
Time:1663791766	n=11	avg=54.00	stddev=25.68	bps=47520.00
Time:1663791766	n=2	avg=118.50	stddev=2.50	bps=18960.00
Time:1663791766	n=3	avg=142.00	stddev=18.46	bps=34080.00
Time:1663791766	n=6	avg=90.50	stddev=58.52	bps=43440.00
Time:1663791766	n=7	avg=136.14	stddev=125.57	bps=76240.00
Time:1663791766	n=11	avg=151.09	stddev=216.99	bps=132960.00
Time:1663791766	n=4	avg=141.00	stddev=58.34	bps=45120.00
Time:1663791766	n=2	avg=102.50	stddev=13.50	bps=16400.00
Time:1663791766	n=14	avg=111.93	stddev=120.81	bps=125360.00
Time:1663791767	n=2	avg=197.50	stddev=81.50	bps=31600.00
Time:1663791767	n=2	avg=84.00	stddev=32.00	bps=13440.00
Time:1663791767	n=1	avg=116.00	stddev=0.00	bps=9280.00
Time:1663791767	n=2	avg=181.50	stddev=65.50	bps=29040.00
Time:1663791767	n=0	avg=0.00	stddev=0.00	bps=0.00
Time:1663791767	n=4	avg=96.25	stddev=26.27	bps=30800.00
Time:1663791767	n=7	avg=86.29	stddev=45.45	bps=48320.00
Time:1663791767	n=8	avg=89.38	stddev=36.93	bps=57200.00
Time:1663791767	n=9	avg=151.11	stddev=238.11	bps=108800.00
Time:1663791767	n=3	avg=91.67	stddev=25.77	bps=22000.00
Time:1663791768	n=6	avg=86.33	stddev=22.90	bps=41440.00
Time:1663791768	n=2	avg=79.00	stddev=37.00	bps=12640.00
Time:1663791768	n=7	avg=79.00	stddev=60.15	bps=44240.00
Time:1663791768	n=5	avg=123.20	stddev=60.45	bps=49280.00
Time:1663791768	n=1	avg=42.00	stddev=0.00	bps=3360.00
Time:1663791768	n=7	avg=92.00	stddev=33.11	bps=51520.00
Time:1663791768	n=8	avg=112.00	stddev=66.31	bps=71680.00
Time:1663791768	n=2	avg=65.50	stddev=23.50	bps=10480.00
Time:1663791768	n=5	avg=79.20	stddev=30.19	bps=31680.00
Time:1663791768	n=2	avg=79.00	stddev=37.00	bps=12640.00
Time:1663791769	n=13	avg=125.15	stddev=202.63	bps=130160.00
Time:1663791769	n=0	avg=0.00	stddev=0.00	bps=0.00
Time:1663791769	n=8	avg=88.12	stddev=62.04	bps=56400.00
Time:1663791769	n=3	avg=99.67	stddev=34.26	bps=23920.00
Time:1663791769	n=5	avg=235.60	stddev=187.15	bps=94240.00
Time:1663791769	n=0	avg=0.00	stddev=0.00	bps=0.00
Time:1663791769	n=4	avg=90.75	stddev=30.23	bps=29040.00
Time:1663791769	n=3	avg=42.00	stddev=0.00	bps=10080.00
Time:1663791769	n=2	avg=116.00	stddev=0.00	bps=18560.00
Time:1663791769	n=5	avg=100.00	stddev=62.33	bps=40000.00
Time:1663791770	n=9	avg=61.11	stddev=24.30	bps=44000.00
Time:1663791770	n=1	avg=50.00	stddev=0.00	bps=4000.00
Time:1663791770	n=9	avg=184.11	stddev=228.29	bps=132560.00
Time:1663791770	n=2	avg=108.00	stddev=8.00	bps=17280.00
Time:1663791770	n=0	avg=0.00	stddev=0.00	bps=0.00
Time:1663791770	n=5	avg=87.40	stddev=37.11	bps=34960.00
Time:1663791770	n=7	avg=68.86	stddev=26.85	bps=38560.00
Time:1663791770	n=3	avg=128.67	stddev=17.21	bps=30880.00
Time:1663791770	n=3	avg=100.00	stddev=11.58	bps=24000.00
Time:1663791770	n=2	avg=262.50	stddev=146.50	bps=42000.00
Time:1663791771	n=3	avg=117.67	stddev=21.67	bps=28240.00
Time:1663791771	n=4	avg=99.75	stddev=64.78	bps=31920.00
Time:1663791771	n=5	avg=98.20	stddev=61.27	bps=39280.00
Time:1663791771	n=4	avg=170.00	stddev=141.14	bps=54400.00
Time:1663791771	n=6	avg=197.67	stddev=280.07	bps=94880.00
Time:1663791771	n=0	avg=0.00	stddev=0.00	bps=0.00
Time:1663791771	n=8	avg=78.12	stddev=29.87	bps=50000.00
Time:1663791771	n=1	avg=116.00	stddev=0.00	bps=9280.00
Time:1663791771	n=1	avg=116.00	stddev=0.00	bps=9280.00
Time:1663791771	n=1	avg=116.00	stddev=0.00	bps=9280.00
Time:1663791772	n=5	avg=95.60	stddev=28.39	bps=38240.00
Time:1663791772	n=0	avg=0.00	stddev=0.00	bps=0.00
Time:1663791772	n=5	avg=124.40	stddev=15.86	bps=49760.00
Time:1663791772	n=2	avg=84.00	stddev=32.00	bps=13440.00
Time:1663791772	n=3	avg=114.67	stddev=4.19	bps=27520.00
Time:1663791772	n=1	avg=116.00	stddev=0.00	bps=9280.00
Time:1663791772	n=1	avg=116.00	stddev=0.00	bps=9280.00
Time:1663791772	n=0	avg=0.00	stddev=0.00	bps=0.00
Time:1663791772	n=0	avg=0.00	stddev=0.00	bps=0.00
Time:1663791772	n=3	avg=116.00	stddev=0.00	bps=27840.00
Time:1663791773	n=3	avg=118.33	stddev=22.51	bps=28400.00
Time:1663791773	n=5	avg=76.00	stddev=42.22	bps=30400.00
Time:1663791773	n=0	avg=0.00	stddev=0.00	bps=0.00
Time:1663791773	n=5	avg=84.80	stddev=32.31	bps=33920.00
Time:1663791773	n=5	avg=72.60	stddev=37.51	bps=29040.00
Time:1663791773	n=2	avg=174.50	stddev=58.50	bps=27920.00
Time:1663791773	n=2	avg=134.50	stddev=18.50	bps=21520.00
Time:1663791773	n=2	avg=110.50	stddev=5.50	bps=17680.00
Time:1663791773	n=5	avg=66.20	stddev=30.84	bps=26480.00
Time:1663791773	n=1	avg=116.00	stddev=0.00	bps=9280.00
Time:1663791774	n=3	avg=158.67	stddev=95.95	bps=38080.00
Time:1663791774	n=5	avg=115.40	stddev=54.91	bps=46160.00
Time:1663791774	n=3	avg=66.67	stddev=34.88	bps=16000.00
Time:1663791774	n=4	avg=249.25	stddev=177.80	bps=79760.00
Time:1663791774	n=2	avg=118.50	stddev=2.50	bps=18960.00
Time:1663791774	n=3	avg=144.67	stddev=20.85	bps=34720.00
Time:1663791774	n=5	avg=74.40	stddev=31.05	bps=29760.00
Time:1663791774	n=1	avg=116.00	stddev=0.00	bps=9280.00
Time:1663791774	n=2	avg=96.00	stddev=20.00	bps=15360.00
Time:1663791774	n=3	avg=161.33	stddev=83.93	bps=38720.00
Time:1663791775	n=7	avg=89.29	stddev=64.09	bps=50000.00
Time:1663791775	n=2	avg=104.00	stddev=12.00	bps=16640.00
Time:1663791775	n=3	avg=93.00	stddev=29.06	bps=22320.00
Time:1663791775	n=1	avg=116.00	stddev=0.00	bps=9280.00
Time:1663791775	n=3	avg=116.33	stddev=52.64	bps=27920.00
Time:1663791775	n=6	avg=217.50	stddev=114.45	bps=104400.00
Time:1663791775	n=6	avg=148.00	stddev=31.64	bps=71040.00
Time:1663791775	n=5	avg=143.60	stddev=4.59	bps=57440.00
Time:1663791775	n=8	avg=112.50	stddev=27.28	bps=72000.00
Time:1663791775	n=6	avg=123.50	stddev=2.36	bps=59280.00
Time:1663791776	n=2	avg=120.50	stddev=4.50	bps=19280.00
Time:1663791776	n=5	avg=116.20	stddev=17.17	bps=46480.00
Time:1663791776	n=2	avg=136.00	stddev=20.00	bps=21760.00
Time:1663791776	n=5	avg=76.00	stddev=26.77	bps=30400.00
Time:1663791776	n=1	avg=116.00	stddev=0.00	bps=9280.00
Time:1663791776	n=15	avg=134.93	stddev=186.91	bps=161920.00
Time:1663791776	n=1	avg=116.00	stddev=0.00	bps=9280.00
Time:1663791776	n=1	avg=116.00	stddev=0.00	bps=9280.00
Time:1663791776	n=2	avg=102.50	stddev=13.50	bps=16400.00
Time:1663791776	n=2	avg=79.00	stddev=37.00	bps=12640.00
Time:1663791777	n=1	avg=116.00	stddev=0.00	bps=9280.00
Time:1663791777	n=0	avg=0.00	stddev=0.00	bps=0.00
Time:1663791777	n=4	avg=133.75	stddev=45.66	bps=42800.00
Time:1663791777	n=4	avg=87.50	stddev=47.06	bps=28000.00
Time:1663791777	n=4	avg=70.00	stddev=26.76	bps=22400.00
Time:1663791777	n=1	avg=116.00	stddev=0.00	bps=9280.00
Time:1663791777	n=15	avg=133.73	stddev=188.47	bps=160480.00
Time:1663791777	n=4	avg=110.00	stddev=12.14	bps=35200.00
Time:1663791777	n=1	avg=116.00	stddev=0.00	bps=9280.00
Time:1663791777	n=1	avg=42.00	stddev=0.00	bps=3360.00
Time:1663791778	n=4	avg=137.75	stddev=54.39	bps=44080.00
Time:1663791778	n=0	avg=0.00	stddev=0.00	bps=0.00
Time:1663791778	n=11	avg=71.18	stddev=41.79	bps=62640.00
Time:1663791778	n=3	avg=86.00	stddev=31.79	bps=20640.00
Time:1663791778	n=1	avg=116.00	stddev=0.00	bps=9280.00
Time:1663791778	n=0	avg=0.00	stddev=0.00	bps=0.00
Time:1663791778	n=3	avg=138.67	stddev=32.06	bps=33280.00
Time:1663791778	n=2	avg=84.00	stddev=32.00	bps=13440.00
Time:1663791778	n=7	avg=84.29	stddev=25.12	bps=47200.00
Time:1663791778	n=3	avg=42.00	stddev=0.00	bps=10080.00
Time:1663791779	n=2	avg=116.00	stddev=0.00	bps=18560.00
Time:1663791779	n=3	avg=83.33	stddev=30.83	bps=20000.00
Time:1663791779	n=2	avg=83.00	stddev=33.00	bps=13280.00
Time:1663791779	n=0	avg=0.00	stddev=0.00	bps=0.00
Time:1663791779	n=3	avg=123.00	stddev=9.90	bps=29520.00
Time:1663791779	n=6	avg=138.00	stddev=14.61	bps=66240.00
Time:1663791779	n=8	avg=116.00	stddev=53.42	bps=74240.00
Time:1663791779	n=5	avg=119.00	stddev=42.92	bps=47600.00
Time:1663791779	n=3	avg=110.67	stddev=7.54	bps=26560.00
Time:1663791779	n=2	avg=114.00	stddev=5.00	bps=18240.00
Time:1663791780	n=3	avg=119.33	stddev=26.23	bps=28640.00
Time:1663791780	n=4	avg=60.50	stddev=32.04	bps=19360.00
Time:1663791780	n=4	avg=184.50	stddev=132.86	bps=59040.00
Time:1663791780	n=4	avg=149.50	stddev=10.31	bps=47840.00
Time:1663791780	n=6	avg=119.83	stddev=13.99	bps=57520.00
Time:1663791780	n=6	avg=95.50	stddev=37.96	bps=45840.00
Time:1663791780	n=1	avg=116.00	stddev=0.00	bps=9280.00
Time:1663791780	n=2	avg=160.00	stddev=44.00	bps=25600.00
Time:1663791780	n=2	avg=126.50	stddev=10.50	bps=20240.00
Time:1663791780	n=6	avg=203.17	stddev=160.49	bps=97520.00
Time:1663791781	n=5	avg=140.20	stddev=12.45	bps=56080.00
Time:1663791781	n=6	avg=159.67	stddev=8.24	bps=76640.00
Time:1663791781	n=7	avg=199.14	stddev=100.05	bps=111520.00
Time:1663791781	n=5	avg=141.20	stddev=4.58	bps=56480.00
Time:1663791781	n=8	avg=114.25	stddev=46.75	bps=73120.00
Time:1663791781	n=5	avg=198.80	stddev=47.43	bps=79520.00
Time:1663791781	n=13	avg=160.31	stddev=196.90	bps=166720.00
Time:1663791781	n=6	avg=116.67	stddev=34.11	bps=56000.00
Time:1663791781	n=5	avg=137.20	stddev=10.36	bps=54880.00
Time:1663791781	n=6	avg=128.67	stddev=3.35	bps=61760.00
Time:1663791782	n=2	avg=84.00	stddev=32.00	bps=13440.00
Time:1663791782	n=3	avg=99.67	stddev=34.26	bps=23920.00
Time:1663791782	n=3	avg=139.00	stddev=50.46	bps=33360.00
Time:1663791782	n=1	avg=116.00	stddev=0.00	bps=9280.00
Time:1663791782	n=0	avg=0.00	stddev=0.00	bps=0.00
Time:1663791782	n=0	avg=0.00	stddev=0.00	bps=0.00
Time:1663791782	n=12	avg=98.42	stddev=59.85	bps=94480.00
Time:1663791782	n=1	avg=116.00	stddev=0.00	bps=9280.00
Time:1663791782	n=8	avg=283.75	stddev=278.78	bps=181600.00
Time:1663791782	n=7	avg=52.57	stddev=25.89	bps=29440.00
Time:1663791783	n=6	avg=128.50	stddev=79.98	bps=61680.00
Time:1663791783	n=5	avg=129.40	stddev=3.83	bps=51760.00
Time:1663791783	n=5	avg=174.80	stddev=120.25	bps=69920.00
Time:1663791783	n=5	avg=147.00	stddev=47.97	bps=58800.00
Time:1663791783	n=8	avg=99.62	stddev=43.40	bps=63760.00
Time:1663791783	n=6	avg=127.50	stddev=18.27	bps=61200.00
Time:1663791783	n=7	avg=125.71	stddev=13.06	bps=70400.00
Time:1663791783	n=3	avg=141.67	stddev=44.30	bps=34000.00
Time:1663791783	n=8	avg=68.62	stddev=39.61	bps=43920.00
Time:1663791783	n=2	avg=84.00	stddev=32.00	bps=13440.00
Time:1663791784	n=13	avg=142.23	stddev=206.13	bps=147920.00
Time:1663791784	n=3	avg=188.33	stddev=113.80	bps=45200.00
Time:1663791784	n=4	avg=73.00	stddev=32.14	bps=23360.00
Time:1663791784	n=1	avg=116.00	stddev=0.00	bps=9280.00
Time:1663791784	n=2	avg=158.50	stddev=42.50	bps=25360.00
Time:1663791784	n=2	avg=102.50	stddev=13.50	bps=16400.00
Time:1663791784	n=1	avg=42.00	stddev=0.00	bps=3360.00
Time:1663791784	n=8	avg=67.62	stddev=31.64	bps=43280.00
Time:1663791784	n=4	avg=60.50	stddev=32.04	bps=19360.00
Time:1663791784	n=2	avg=105.50	stddev=10.50	bps=16880.00
Time:1663791785	n=4	avg=94.75	stddev=57.26	bps=30320.00
Time:1663791785	n=10	avg=111.00	stddev=108.11	bps=88800.00
Time:1663791785	n=5	avg=102.80	stddev=29.49	bps=41120.00
Time:1663791785	n=8	avg=171.62	stddev=247.62	bps=109840.00
Time:1663791785	n=1	avg=116.00	stddev=0.00	bps=9280.00
Time:1663791785	n=7	avg=143.71	stddev=23.75	bps=80480.00
Time:1663791785	n=6	avg=124.00	stddev=23.70	bps=59520.00
Time:1663791785	n=6	avg=112.83	stddev=14.71	bps=54160.00
Time:1663791785	n=3	avg=122.00	stddev=5.35	bps=29280.00
Time:1663791785	n=13	avg=70.69	stddev=46.08	bps=73520.00
Time:1663791786	n=3	avg=182.67	stddev=69.77	bps=43840.00
Time:1663791786	n=0	avg=0.00	stddev=0.00	bps=0.00
Time:1663791786	n=4	avg=122.50	stddev=13.05	bps=39200.00
Time:1663791786	n=5	avg=80.60	stddev=28.66	bps=32240.00
Time:1663791786	n=2	avg=197.50	stddev=81.50	bps=31600.00
Time:1663791786	n=4	avg=140.25	stddev=71.43	bps=44880.00
Time:1663791786	n=8	avg=100.25	stddev=96.67	bps=64160.00
Time:1663791786	n=5	avg=124.00	stddev=17.66	bps=49600.00
Time:1663791786	n=6	avg=125.00	stddev=22.38	bps=60000.00
Time:1663791786	n=3	avg=112.33	stddev=8.96	bps=26960.00
Time:1663791787	n=8	avg=92.75	stddev=61.88	bps=59360.00
Time:1663791787	n=3	avg=206.00	stddev=102.24	bps=49440.00
Time:1663791787	n=2	avg=117.50	stddev=1.50	bps=18800.00
Time:1663791787	n=2	avg=104.00	stddev=12.00	bps=16640.00
Time:1663791787	n=5	avg=133.00	stddev=78.30	bps=53200.00
Time:1663791787	n=1	avg=116.00	stddev=0.00	bps=9280.00
Time:1663791787	n=0	avg=0.00	stddev=0.00	bps=0.00
Time:1663791787	n=3	avg=120.33	stddev=6.13	bps=28880.00
Time:1663791787	n=3	avg=132.00	stddev=80.81	bps=31680.00
Time:1663791787	n=0	avg=0.00	stddev=0.00	bps=0.00
Time:1663791788	n=4	avg=125.00	stddev=33.07	bps=40000.00
Time:1663791788	n=3	avg=198.67	stddev=101.75	bps=47680.00
Time:1663791788	n=5	avg=68.40	stddev=32.73	bps=27360.00
Time:1663791788	n=2	avg=104.00	stddev=12.00	bps=16640.00
Time:1663791788	n=6	avg=86.17	stddev=36.20	bps=41360.00
Time:1663791788	n=1	avg=116.00	stddev=0.00	bps=9280.00
Time:1663791788	n=10	avg=138.80	stddev=228.80	bps=111040.00
Time:1663791788	n=1	avg=116.00	stddev=0.00	bps=9280.00
Time:1663791788	n=2	avg=118.50	stddev=2.50	bps=18960.00
Time:1663791788	n=6	avg=90.67	stddev=61.53	bps=43520.00
Time:1663791789	n=0	avg=0.00	stddev=0.00	bps=0.00
Time:1663791789	n=3	avg=147.67	stddev=44.78	bps=35440.00
Time:1663791789	n=1	avg=116.00	stddev=0.00	bps=9280.00
Time:1663791789	n=4	avg=73.00	stddev=32.14	bps=23360.00
Time:1663791789	n=4	avg=78.75	stddev=32.18	bps=25200.00
Time:1663791789	n=3	avg=148.33	stddev=64.22	bps=35600.00
Time:1663791789	n=3	avg=123.33	stddev=31.46	bps=29600.00
Time:1663791789	n=3	avg=96.00	stddev=20.99	bps=23040.00
Time:1663791789	n=8	avg=98.62	stddev=97.51	bps=63120.00
Time:1663791789	n=8	avg=110.38	stddev=116.59	bps=70640.00
Time:1663791790	n=5	avg=186.00	stddev=193.66	bps=74400.00
Time:1663791790	n=6	avg=153.67	stddev=23.34	bps=73760.00
Time:1663791790	n=5	avg=201.80	stddev=109.18	bps=80720.00
Time:1663791790	n=10	avg=112.50	stddev=66.04	bps=90000.00
Time:1663791790	n=7	avg=88.29	stddev=40.22	bps=49440.00
Time:1663791790	n=3	avg=82.33	stddev=30.58	bps=19760.00
Time:1663791790	n=7	avg=128.14	stddev=25.68	bps=71760.00
Time:1663791790	n=6	avg=117.00	stddev=30.12	bps=56160.00
Time:1663791790	n=9	avg=112.22	stddev=54.53	bps=80800.00
Time:1663791790	n=3	avg=171.33	stddev=76.14	bps=41120.00
Time:1663791791	n=2	avg=140.50	stddev=24.50	bps=22480.00
Time:1663791791	n=5	avg=115.60	stddev=8.33	bps=46240.00
Time:1663791791	n=7	avg=75.57	stddev=40.64	bps=42320.00
Time:1663791791	n=0	avg=0.00	stddev=0.00	bps=0.00
Time:1663791791	n=7	avg=172.57	stddev=62.82	bps=96640.00
Time:1663791791	n=6	avg=231.00	stddev=77.62	bps=110880.00
Time:1663791791	n=10	avg=142.70	stddev=62.48	bps=114160.00
Time:1663791791	n=5	avg=215.40	stddev=50.09	bps=86160.00
Time:1663791791	n=5	avg=185.80	stddev=44.28	bps=74320.00
Time:1663791791	n=11	avg=180.00	stddev=124.95	bps=158400.00
Time:1663791792	n=9	avg=171.67	stddev=110.56	bps=123600.00
Time:1663791792	n=10	avg=179.30	stddev=102.51	bps=143440.00
Time:1663791792	n=6	avg=195.50	stddev=53.42	bps=93840.00
Time:1663791792	n=6	avg=155.50	stddev=26.21	bps=74640.00
Time:1663791792	n=5	avg=120.80	stddev=14.50	bps=48320.00
Time:1663791792	n=6	avg=136.17	stddev=23.21	bps=65360.00
Time:1663791792	n=7	avg=126.86	stddev=16.90	bps=71040.00
Time:1663791792	n=5	avg=73.80	stddev=39.10	bps=29520.00
Time:1663791792	n=1	avg=116.00	stddev=0.00	bps=9280.00
Time:1663791792	n=1	avg=116.00	stddev=0.00	bps=9280.00
Time:1663791793	n=1	avg=116.00	stddev=0.00	bps=9280.00
Time:1663791793	n=2	avg=122.50	stddev=6.50	bps=19600.00
Time:1663791793	n=1	avg=116.00	stddev=0.00	bps=9280.00
Time:1663791793	n=1	avg=116.00	stddev=0.00	bps=9280.00
Time:1663791793	n=2	avg=104.00	stddev=12.00	bps=16640.00
Time:1663791793	n=1	avg=116.00	stddev=0.00	bps=9280.00
Time:1663791793	n=1	avg=116.00	stddev=0.00	bps=9280.00
Time:1663791793	n=4	avg=78.75	stddev=32.18	bps=25200.00
Time:1663791793	n=5	avg=89.60	stddev=21.17	bps=35840.00
Time:1663791793	n=5	avg=74.20	stddev=39.65	bps=29680.00
Time:1663791794	n=0	avg=0.00	stddev=0.00	bps=0.00
Time:1663791794	n=2	avg=84.00	stddev=32.00	bps=13440.00
Time:1663791794	n=2	avg=79.00	stddev=37.00	bps=12640.00
Time:1663791794	n=2	avg=83.00	stddev=33.00	bps=13280.00
Time:1663791794	n=2	avg=104.00	stddev=12.00	bps=16640.00
Time:1663791794	n=5	avg=102.20	stddev=25.31	bps=40880.00
Time:1663791794	n=5	avg=66.20	stddev=30.84	bps=26480.00
Time:1663791794	n=3	avg=133.33	stddev=22.43	bps=32000.00
Time:1663791794	n=4	avg=63.00	stddev=30.87	bps=20160.00
Time:1663791794	n=6	avg=104.50	stddev=25.30	bps=50160.00
Time:1663791795	n=1	avg=116.00	stddev=0.00	bps=9280.00
Time:1663791795	n=1	avg=116.00	stddev=0.00	bps=9280.00
Time:1663791795	n=0	avg=0.00	stddev=0.00	bps=0.00
Time:1663791795	n=7	avg=94.43	stddev=55.52	bps=52880.00
Time:1663791795	n=8	avg=67.38	stddev=31.00	bps=43120.00
Time:1663791795	n=6	avg=203.33	stddev=277.20	bps=97600.00
Time:1663791795	n=4	avg=60.50	stddev=32.04	bps=19360.00
Time:1663791795	n=7	avg=172.57	stddev=30.36	bps=96640.00
Time:1663791795	n=8	avg=185.00	stddev=130.10	bps=118400.00
Time:1663791795	n=5	avg=240.80	stddev=43.63	bps=96320.00
Time:1663791796	n=7	avg=171.43	stddev=53.09	bps=96000.00
Time:1663791796	n=6	avg=149.83	stddev=3.02	bps=71920.00
Time:1663791796	n=7	avg=143.14	stddev=5.49	bps=80160.00
Time:1663791796	n=5	avg=139.00	stddev=48.63	bps=55600.00
Time:1663791796	n=6	avg=153.33	stddev=28.28	bps=73600.00
Time:1663791796	n=8	avg=190.00	stddev=105.66	bps=121600.00
Time:1663791796	n=5	avg=260.60	stddev=8.45	bps=104240.00
Time:1663791796	n=16	avg=189.69	stddev=186.02	bps=242800.00
Time:1663791796	n=5	avg=310.20	stddev=14.47	bps=124080.00
Time:1663791796	n=6	avg=271.17	stddev=66.74	bps=130160.00
Time:1663791797	n=7	avg=218.29	stddev=77.44	bps=122240.00
Time:1663791797	n=5	avg=182.00	stddev=42.68	bps=72800.00
Time:1663791797	n=8	avg=183.75	stddev=62.19	bps=117600.00
Time:1663791797	n=5	avg=155.40	stddev=6.50	bps=62160.00
Time:1663791797	n=10	avg=109.40	stddev=58.74	bps=87520.00
Time:1663791797	n=7	avg=130.43	stddev=36.74	bps=73040.00
Time:1663791797	n=6	avg=154.00	stddev=41.88	bps=73920.00
Time:1663791797	n=8	avg=151.25	stddev=44.17	bps=96800.00
Time:1663791797	n=3	avg=93.33	stddev=36.38	bps=22400.00
Time:1663791797	n=3	avg=176.67	stddev=50.66	bps=42400.00
Time:1663791798	n=4	avg=222.75	stddev=128.84	bps=71280.00
Time:1663791798	n=3	avg=254.67	stddev=224.25	bps=61120.00
Time:1663791798	n=5	avg=56.80	stddev=29.60	bps=22720.00
Time:1663791798	n=3	avg=114.67	stddev=4.19	bps=27520.00
Time:1663791798	n=0	avg=0.00	stddev=0.00	bps=0.00
Time:1663791798	n=7	avg=86.71	stddev=29.06	bps=48560.00
Time:1663791798	n=3	avg=114.67	stddev=4.19	bps=27520.00
Time:1663791798	n=12	avg=182.92	stddev=218.01	bps=175600.00
Time:1663791798	n=7	avg=130.29	stddev=40.70	bps=72960.00
Time:1663791798	n=5	avg=193.00	stddev=87.37	bps=77200.00
Time:1663791799	n=6	avg=132.50	stddev=129.34	bps=63600.00
Time:1663791799	n=8	avg=130.75	stddev=53.11	bps=83680.00
Time:1663791799	n=6	avg=135.00	stddev=23.88	bps=64800.00
Time:1663791799	n=1	avg=116.00	stddev=0.00	bps=9280.00
Time:1663791799	n=7	avg=72.00	stddev=36.46	bps=40320.00
Time:1663791799	n=6	avg=135.00	stddev=40.45	bps=64800.00
Time:1663791799	n=18	avg=107.56	stddev=176.98	bps=154880.00
Time:1663791799	n=6	avg=60.67	stddev=25.53	bps=29120.00
Time:1663791799	n=7	avg=159.43	stddev=85.55	bps=89280.00
Time:1663791799	n=8	avg=227.88	stddev=254.54	bps=145840.00
Time:1663791800	n=4	avg=171.50	stddev=121.34	bps=54880.00
Time:1663791800	n=8	avg=92.25	stddev=71.58	bps=59040.00
Time:1663791800	n=6	avg=42.00	stddev=0.00	bps=20160.00
Time:1663791800	n=4	avg=121.75	stddev=60.73	bps=38960.00
Time:1663791800	n=3	avg=189.33	stddev=123.29	bps=45440.00
Time:1663791800	n=6	avg=107.50	stddev=64.29	bps=51600.00
Time:1663791800	n=0	avg=0.00	stddev=0.00	bps=0.00
Time:1663791800	n=4	avg=163.75	stddev=129.02	bps=52400.00
Time:1663791800	n=0	avg=0.00	stddev=0.00	bps=0.00
Time:1663791800	n=6	avg=132.33	stddev=81.25	bps=63520.00
Time:1663791801	n=3	avg=212.00	stddev=137.89	bps=50880.00
Time:1663791801	n=4	avg=102.75	stddev=69.42	bps=32880.00
Time:1663791801	n=0	avg=0.00	stddev=0.00	bps=0.00
Time:1663791801	n=7	avg=97.86	stddev=34.52	bps=54800.00
Time:1663791801	n=2	avg=239.50	stddev=123.50	bps=38320.00
Time:1663791801	n=3	avg=162.00	stddev=82.61	bps=38880.00
Time:1663791801	n=5	avg=80.40	stddev=32.72	bps=32160.00
Time:1663791801	n=3	avg=42.00	stddev=0.00	bps=10080.00
Time:1663791801	n=7	avg=197.29	stddev=153.81	bps=110480.00
Time:1663791801	n=10	avg=84.30	stddev=48.88	bps=67440.00
Time:1663791802	n=5	avg=101.40	stddev=29.98	bps=40560.00
Time:1663791802	n=12	avg=132.42	stddev=95.81	bps=127120.00
Time:1663791802	n=5	avg=267.60	stddev=75.45	bps=107040.00
Time:1663791802	n=6	avg=296.17	stddev=77.22	bps=142160.00
Time:1663791802	n=17	avg=135.06	stddev=102.71	bps=183680.00
Time:1663791802	n=6	avg=252.50	stddev=71.84	bps=121200.00
Time:1663791802	n=26	avg=170.92	stddev=211.26	bps=355520.00
Time:1663791802	n=8	avg=250.00	stddev=95.76	bps=160000.00
Time:1663791802	n=5	avg=306.00	stddev=14.63	bps=122400.00
Time:1663791802	n=7	avg=269.29	stddev=97.14	bps=150800.00
Time:1663791803	n=6	avg=297.83	stddev=51.41	bps=142960.00
Time:1663791803	n=9	avg=200.56	stddev=116.90	bps=144400.00
Time:1663791803	n=8	avg=227.12	stddev=107.15	bps=145360.00
Time:1663791803	n=6	avg=251.17	stddev=57.74	bps=120560.00
Time:1663791803	n=5	avg=252.00	stddev=100.39	bps=100800.00
Time:1663791803	n=6	avg=271.67	stddev=80.54	bps=130400.00
Time:1663791803	n=7	avg=218.43	stddev=84.90	bps=122320.00
Time:1663791803	n=12	avg=130.67	stddev=108.82	bps=125440.00
Time:1663791803	n=7	avg=312.71	stddev=103.09	bps=175120.00
Time:1663791803	n=15	avg=182.20	stddev=197.59	bps=218640.00
Time:1663791804	n=8	avg=166.00	stddev=78.71	bps=106240.00
Time:1663791804	n=7	avg=124.43	stddev=30.76	bps=69680.00
Time:1663791804	n=5	avg=127.00	stddev=2.76	bps=50800.00
Time:1663791804	n=6	avg=103.50	stddev=28.93	bps=49680.00
Time:1663791804	n=2	avg=118.50	stddev=2.50	bps=18960.00
Time:1663791804	n=3	avg=130.67	stddev=24.36	bps=31360.00
Time:1663791804	n=5	avg=110.20	stddev=37.87	bps=44080.00
Time:1663791804	n=0	avg=0.00	stddev=0.00	bps=0.00
Time:1663791804	n=7	avg=73.00	stddev=35.83	bps=40880.00
Time:1663791804	n=1	avg=116.00	stddev=0.00	bps=9280.00
Time:1663791805	n=0	avg=0.00	stddev=0.00	bps=0.00
Time:1663791805	n=7	avg=130.86	stddev=78.61	bps=73280.00
Time:1663791805	n=2	avg=79.00	stddev=37.00	bps=12640.00
Time:1663791805	n=1	avg=116.00	stddev=0.00	bps=9280.00
Time:1663791805	n=1	avg=116.00	stddev=0.00	bps=9280.00
Time:1663791805	n=4	avg=120.75	stddev=54.26	bps=38640.00
Time:1663791805	n=9	avg=120.33	stddev=45.42	bps=86640.00
Time:1663791805	n=7	avg=116.14	stddev=30.85	bps=65040.00
Time:1663791805	n=5	avg=119.20	stddev=7.81	bps=47680.00
Time:1663791805	n=5	avg=171.40	stddev=186.39	bps=68560.00
Time:1663791806	n=2	avg=196.50	stddev=80.50	bps=31440.00
Time:1663791806	n=5	avg=129.00	stddev=18.32	bps=51600.00
Time:1663791806	n=5	avg=291.60	stddev=63.53	bps=116640.00
Time:1663791806	n=6	avg=290.00	stddev=70.51	bps=139200.00
Time:1663791806	n=6	avg=285.17	stddev=10.12	bps=136880.00
Time:1663791806	n=5	avg=237.60	stddev=99.97	bps=95040.00
Time:1663791806	n=8	avg=219.62	stddev=103.26	bps=140560.00
Time:1663791806	n=8	avg=215.50	stddev=91.71	bps=137920.00
Time:1663791806	n=8	avg=156.62	stddev=72.12	bps=100240.00
Time:1663791806	n=6	avg=147.50	stddev=6.70	bps=70800.00
Time:1663791807	n=8	avg=96.88	stddev=42.56	bps=62000.00
Time:1663791807	n=4	avg=133.25	stddev=2.68	bps=42640.00
Time:1663791807	n=2	avg=127.50	stddev=11.50	bps=20400.00
Time:1663791807	n=5	avg=190.80	stddev=40.30	bps=76320.00
Time:1663791807	n=5	avg=171.80	stddev=55.58	bps=68720.00
Time:1663791807	n=7	avg=153.00	stddev=51.54	bps=85680.00
Time:1663791807	n=7	avg=125.86	stddev=36.47	bps=70480.00
Time:1663791807	n=6	avg=120.50	stddev=14.33	bps=57840.00
Time:1663791807	n=2	avg=84.00	stddev=32.00	bps=13440.00
Time:1663791807	n=1	avg=116.00	stddev=0.00	bps=9280.00
Time:1663791808	n=4	avg=121.75	stddev=60.73	bps=38960.00
Time:1663791808	n=3	avg=145.67	stddev=7.41	bps=34960.00
Time:1663791808	n=5	avg=152.80	stddev=6.11	bps=61120.00
Time:1663791808	n=6	avg=116.33	stddev=33.94	bps=55840.00
Time:1663791808	n=5	avg=127.40	stddev=3.32	bps=50960.00
Time:1663791808	n=3	avg=150.00	stddev=38.61	bps=36000.00
Time:1663791808	n=5	avg=145.20	stddev=101.54	bps=58080.00
Time:1663791808	n=7	avg=105.43	stddev=27.74	bps=59040.00
Time:1663791808	n=11	avg=89.64	stddev=43.07	bps=78880.00
Time:1663791808	n=5	avg=124.00	stddev=4.29	bps=49600.00
